ticker,quarter,sector,v12_flag,raw_margin,delta_Q_abs,extreme_event
ADAM,CY2023Q4,Real Estate,1,3.149019,13.683293,1
AGO,CY2023Q4,Financials,1,1.149847,0.760269,1
AGYS,CY2023Q4,Information Technology,1,1.268946,1.199238,1
ALB,CY2023Q4,Materials,1,-0.52431,0.786175,1
ARR,CY2023Q4,Real Estate,1,16.767176,67.438386,1
ARWR,CY2023Q4,Health Care,1,-37.415939,30.602309,1
CCOI,CY2023Q4,Communication Services,1,0.735586,0.94153,1
CYTK,CY2023Q4,Health Care,1,-81.875598,260.510645,1
ECPG,CY2023Q4,Consumer Discretionary,1,-0.976116,1.038577,1
FLG,CY2023Q4,Financials,1,-8.612698,8.81576,1
FMC,CY2023Q4,Materials,1,0.958468,0.962032,1
FR,CY2023Q4,Real Estate,1,1.133956,0.167191,0
FTRE,CY2023Q4,Health Care,1,-1.719438,1.699825,1
GDDY,CY2023Q4,Information Technology,1,1.01236,0.890176,1
HAS,CY2023Q4,Consumer Discretionary,1,-0.82326,0.709451,1
HASI,CY2023Q4,Energy,1,1.028968,0.761091,1
HRB,CY2023Q4,Consumer Discretionary,1,-1.059592,0.170137,0
IFF,CY2023Q4,Materials,1,-0.974473,0.983338,1
INCR,CY2023Q4,Industrials,1,-0.456353,0.480785,1
JXN,CY2023Q4,Financials,1,-1.780045,2.848517,1
KNTK,CY2023Q4,Utilities,1,0.766347,0.635766,1
KW,CY2023Q4,Real Estate,1,-1.768737,1.127568,1
LNC,CY2023Q4,Financials,1,-1.78,1.974861,1
LUMN,CY2023Q4,Communication Services,1,-0.567245,0.545822,1
MARA,CY2023Q4,Information Technology,1,2.393537,2.397523,1
MTN,CY2023Q4,Consumer Discretionary,1,-0.678793,0.193602,0
NEM,CY2023Q4,Materials,1,-0.798079,0.861457,1
NTCT,CY2023Q4,Communication Services,1,-0.607951,0.717004,1
PBI,CY2023Q4,Consumer Discretionary,1,-0.425211,0.400324,1
RCUS,CY2023Q4,Health Care,1,-2.612903,0.394153,1
ROIV,CY2023Q4,Health Care,1,327.47616,410.899131,1
RUN,CY2023Q4,Industrials,1,-0.67776,1.221202,1
SEDG,CY2023Q4,Materials,1,-0.512691,0.428346,1
SLAB,CY2023Q4,Information Technology,1,-0.803581,0.854366,1
SLG,CY2023Q4,Real Estate,1,-0.56391,0.467667,1
SPHR,CY2023Q4,Communication Services,1,-0.551469,1.11436,1
TFC,CY2023Q4,Financials,1,-1.132121,1.377089,1
UE,CY2023Q4,Consumer Discretionary,1,1.897677,1.543002,1
VAL,CY2023Q4,Energy,1,1.726333,1.697988,1
VIR,CY2023Q4,Health Care,1,-6.908501,55.013818,1
VYX,CY2023Q4,Information Technology,1,-0.827806,0.663406,1
WFC,CY2023Q4,Financials,1,-0.711711,0.988923,1
A,CY2023Q4,Health Care,0,0.281398,0.215011,0
AA,CY2023Q4,Materials,0,-0.109181,0.221968,0
AAL,CY2023Q4,Industrials,0,0.001455,0.041879,0
AAMI,CY2023Q4,Financials,0,0.17378,0.008885,0
AAON,CY2023Q4,Industrials,0,0.153435,0.000676,0
AAP,CY2023Q4,Consumer Discretionary,0,-0.03004,0.059293,0
AAPL,CY2023Q4,Information Technology,0,0.283638,0.027141,0
AAT,CY2023Q4,Real Estate,0,0.093172,0.012747,0
ABBV,CY2023Q4,Health Care,0,0.057478,0.070187,0
ABCB,CY2023Q4,Financials,0,0.270678,0.054367,0
ABG,CY2023Q4,Consumer Discretionary,0,0.01456,0.031591,0
ABM,CY2023Q4,Industrials,0,0.030054,0.018314,0
ABNB,CY2023Q4,Consumer Discretionary,0,-0.157349,1.444956,1
ABR,CY2023Q4,Real Estate,0,0.53631,0.0405,0
ABT,CY2023Q4,Health Care,0,0.155649,0.014073,0
ACA,CY2023Q4,Industrials,0,0.046548,0.013449,0
ACAD,CY2023Q4,Health Care,0,0.19822,0.506091,1
ACGL,CY2023Q4,Financials,0,0.584654,0.370476,1
ACHC,CY2023Q4,Health Care,0,0.077718,0.367869,1
ACI,CY2023Q4,Consumer Discretionary,0,0.019475,0.004883,0
ACIW,CY2023Q4,Information Technology,0,0.257292,0.152859,0
ACLS,CY2023Q4,Materials,0,0.229,0.003461,0
ACM,CY2023Q4,Industrials,0,0.024215,0.017586,0
ACMR,CY2023Q4,Materials,0,0.103921,0.048414,0
ACN,CY2023Q4,Information Technology,0,0.121635,0.035745,0
ACT,CY2023Q4,Financials,0,0.531105,0.017978,0
ADBE,CY2023Q4,Information Technology,0,0.29378,0.006868,0
ADC,CY2023Q4,Real Estate,0,0.624638,0.031233,0
ADEA,CY2023Q4,Information Technology,0,0.146201,0.092781,0
ADI,CY2023Q4,Information Technology,0,0.183484,0.101587,0
ADMA,CY2023Q4,Health Care,0,-0.238756,0.276883,1
ADNT,CY2023Q4,Consumer Discretionary,0,0.005464,0.030738,0
ADP,CY2023Q4,Information Technology,0,0.188175,0.002278,0
ADSK,CY2023Q4,Information Technology,0,0.170438,0.005383,0
ADT,CY2023Q4,Consumer Discretionary,0,0.039848,0.013525,0
ADUS,CY2023Q4,Health Care,0,0.070845,0.013919,0
AEE,CY2023Q4,Utilities,0,0.097651,0.141669,0
AEIS,CY2023Q4,Information Technology,0,0.092577,0.012768,0
AEO,CY2023Q4,Consumer Discretionary,0,1.0,0.0,0
AEP,CY2023Q4,Utilities,0,0.073434,0.105105,0
AES,CY2023Q4,Energy,0,-0.031671,0.09894,0
AESI,CY2023Q4,Utilities,0,0.253206,0.066423,0
AFG,CY2023Q4,Financials,0,0.12626,0.044467,0
AFL,CY2023Q4,Financials,0,0.070937,0.246033,0
AGCO,CY2023Q4,Industrials,0,0.069171,0.012032,0
AGX,CY2023Q4,Industrials,0,0.033367,0.056956,0
AHCO,CY2023Q4,Health Care,0,-0.296543,0.268207,1
AHR,CY2023Q4,Real Estate,0,-0.05683,0.043929,0
AIG,CY2023Q4,Financials,0,0.013178,0.264791,1
AIN,CY2023Q4,Industrials,0,0.094102,0.002335,0
AIR,CY2023Q4,Industrials,0,0.043638,0.044729,0
AIT,CY2023Q4,Industrials,0,0.084694,0.000978,0
AIZ,CY2023Q4,Financials,0,0.061178,0.007349,0
AJG,CY2023Q4,Financials,0,-0.013035,0.125675,0
AKAM,CY2023Q4,Information Technology,0,0.161972,0.004309,0
AKR,CY2023Q4,Consumer Discretionary,0,-0.015635,0.001885,0
AL,CY2023Q4,Industrials,0,0.327021,0.125002,0
ALG,CY2023Q4,Industrials,0,0.075497,0.007705,0
ALGM,CY2023Q4,Information Technology,0,0.130773,0.107394,0
ALGN,CY2023Q4,Health Care,0,0.129623,0.003165,0
ALGT,CY2023Q4,Industrials,0,-0.003201,0.041135,0
ALK,CY2023Q4,Industrials,0,-0.000783,0.049744,0
ALKS,CY2023Q4,Health Care,0,0.298772,0.173403,0
ALL,CY2023Q4,Financials,0,0.098436,0.101264,0
ALLY,CY2023Q4,Financials,0,0.032667,0.15158,0
ALRM,CY2023Q4,Information Technology,0,0.138368,0.050364,0
ALV,CY2023Q4,Consumer Discretionary,0,0.082515,0.030898,0
AM,CY2023Q4,Energy,0,0.386082,0.015326,0
AMAT,CY2023Q4,Information Technology,0,0.298081,0.05528,0
AMCR,CY2023Q4,Materials,0,0.041218,0.002929,0
AMD,CY2023Q4,Information Technology,0,0.107166,0.056132,0
AMG,CY2023Q4,Financials,0,0.39037,0.022806,0
AMGN,CY2023Q4,Health Care,0,0.093582,0.157033,0
AMH,CY2023Q4,Real Estate,0,0.187485,0.011735,0
AMKR,CY2023Q4,Information Technology,0,0.067109,0.005684,0
AMN,CY2023Q4,Health Care,0,0.015263,0.047041,0
AMP,CY2023Q4,Financials,0,0.094439,0.127727,0
AMPH,CY2023Q4,Health Care,0,0.203066,0.069548,0
AMR,CY2023Q4,Materials,0,0.183352,0.056887,0
AMRX,CY2023Q4,Health Care,0,-0.15989,0.175505,0
AMSF,CY2023Q4,Financials,0,0.239415,0.102287,0
AMT,CY2023Q4,Real Estate,0,0.034567,0.198228,0
AMWD,CY2023Q4,Industrials,0,0.064029,0.011937,0
AMZN,CY2023Q4,Consumer Discretionary,0,0.062508,0.006535,0
AN,CY2023Q4,Consumer Discretionary,0,0.031947,0.003409,0
ANDE,CY2023Q4,Consumer Staples,0,0.015931,0.013261,0
ANET,CY2023Q4,Communication Services,0,0.39833,0.037056,0
ANF,CY2023Q4,Consumer Discretionary,0,0.091072,0.030245,0
ANIP,CY2023Q4,Health Care,0,0.008773,0.066628,0
AON,CY2023Q4,Financials,0,0.147556,0.006864,0
AORT,CY2023Q4,Health Care,0,-0.042436,0.069124,0
AOS,CY2023Q4,Industrials,0,0.138954,0.005473,0
AOSL,CY2023Q4,Information Technology,0,-0.013468,0.060513,0
APAM,CY2023Q4,Financials,0,0.260067,0.046355,0
APD,CY2023Q4,Utilities,0,0.203276,0.013751,0
APG,CY2023Q4,Industrials,0,-0.145537,0.16964,0
APH,CY2023Q4,Information Technology,0,0.154591,0.006043,0
APLE,CY2023Q4,Consumer Discretionary,0,0.066457,0.096865,0
APLS,CY2023Q4,Health Care,0,-1.210245,0.060029,0
APO,CY2023Q4,Financials,0,0.247329,0.007006,0
APOG,CY2023Q4,Industrials,0,0.079402,0.014828,0
APP,CY2023Q4,Information Technology,0,0.180678,0.055906,0
APPF,CY2023Q4,Information Technology,0,0.176151,0.016304,0
APTV,CY2023Q4,Consumer Discretionary,0,0.18398,0.134557,0
AR,CY2023Q4,Energy,0,0.082365,0.066552,0
ARCB,CY2023Q4,Industrials,0,0.044781,0.013835,0
ARE,CY2023Q4,Real Estate,0,-0.121401,0.15202,0
ARES,CY2023Q4,Financials,0,0.330082,0.237981,0
ARI,CY2023Q4,Real Estate,0,0.516583,0.013291,0
ARLO,CY2023Q4,Communication Services,0,0.005122,0.013738,0
ARMK,CY2023Q4,Industrials,0,0.006474,0.042435,0
AROC,CY2023Q4,Utilities,0,0.12713,0.005338,0
ARW,CY2023Q4,Information Technology,0,0.024784,2.6e-05,0
ASB,CY2023Q4,Financials,0,-0.250578,0.519491,1
ASGN,CY2023Q4,Information Technology,0,0.04683,0.006358,0
ASH,CY2023Q4,Materials,0,0.054968,0.062705,0
ASO,CY2023Q4,Consumer Discretionary,0,0.071526,0.027695,0
ASTE,CY2023Q4,Industrials,0,0.044187,0.065962,0
ASTH,CY2023Q4,Health Care,0,0.034999,0.028357,0
ATEN,CY2023Q4,Information Technology,0,0.254441,0.142473,0
ATI,CY2023Q4,Industrials,0,0.177632,0.089683,0
ATO,CY2023Q4,Utilities,0,0.26871,0.067016,0
ATR,CY2023Q4,Materials,0,0.074367,0.02003,0
AUB,CY2023Q4,Financials,0,0.308588,0.015272,0
AVA,CY2023Q4,Utilities,0,0.162136,0.123372,0
AVAV,CY2023Q4,Industrials,0,0.098664,0.045054,0
AVB,CY2023Q4,Real Estate,0,0.343362,0.09677,0
AVGO,CY2023Q4,Information Technology,0,0.379129,0.007001,0
AVNS,CY2023Q4,Health Care,0,-0.060589,0.038989,0
AVNT,CY2023Q4,Materials,0,0.039777,0.033011,0
AVT,CY2023Q4,Information Technology,0,0.019006,0.014024,0
AVTR,CY2023Q4,Health Care,0,0.057174,0.005842,0
AVY,CY2023Q4,Materials,0,0.067804,0.001893,0
AWI,CY2023Q4,Industrials,0,0.149856,0.050259,0
AWK,CY2023Q4,Utilities,0,0.165698,0.11108,0
AWR,CY2023Q4,Utilities,0,0.163189,0.044892,0
AX,CY2023Q4,Financials,0,0.447392,0.101107,0
AXON,CY2023Q4,Industrials,0,0.132584,0.015764,0
AXP,CY2023Q4,Financials,0,0.134591,0.038649,0
AXTA,CY2023Q4,Materials,0,0.056284,0.00128,0
AYI,CY2023Q4,Industrials,0,0.107628,0.025581,0
AZO,CY2023Q4,Consumer Discretionary,0,0.141629,0.010348,0
AZTA,CY2023Q4,Health Care,0,-0.110947,0.12833,0
AZZ,CY2023Q4,Materials,0,0.061032,0.001024,0
BA,CY2023Q4,Industrials,0,-0.001045,0.089322,0
BAC,CY2023Q4,Financials,0,0.126013,0.177752,0
BAH,CY2023Q4,Industrials,0,0.056675,0.007353,0
BANF,CY2023Q4,Financials,0,0.325742,0.022429,0
BANR,CY2023Q4,Financials,0,0.285006,0.01588,0
BAX,CY2023Q4,Health Care,0,0.089875,0.875111,1
BBBY,CY2023Q4,Consumer Discretionary,0,-0.418753,0.249863,0
BBWI,CY2023Q4,Consumer Discretionary,0,0.076184,0.012682,0
BBY,CY2023Q4,Consumer Discretionary,0,0.026958,0.001635,0
BC,CY2023Q4,Consumer Discretionary,0,0.044717,0.025878,0
BCC,CY2023Q4,Industrials,0,0.059319,0.018671,0
BCO,CY2023Q4,Industrials,0,-0.004014,0.041166,0
BCPC,CY2023Q4,Materials,0,0.11652,0.009922,0
BDC,CY2023Q4,Information Technology,0,0.069935,0.045423,0
BDX,CY2023Q4,Health Care,0,0.059711,0.03848,0
BEN,CY2023Q4,Financials,0,0.128723,0.020061,0
BFH,CY2023Q4,Consumer Discretionary,0,0.042323,0.123536,0
BFS,CY2023Q4,Consumer Discretionary,0,0.156067,0.001086,0
BGC,CY2023Q4,Financials,0,0.038596,0.003282,0
BHE,CY2023Q4,Information Technology,0,0.025388,0.002974,0
BHF,CY2023Q4,Financials,0,-0.672857,1.060037,1
BIIB,CY2023Q4,Health Care,0,0.104136,0.131129,0
BILL,CY2023Q4,Information Technology,0,-0.126913,0.03556,0
BIO,CY2023Q4,Health Care,0,0.513465,0.345369,1
BJ,CY2023Q4,Consumer Discretionary,0,0.026492,3.4e-05,0
BJRI,CY2023Q4,Consumer Discretionary,0,0.024877,0.036815,0
BK,CY2023Q4,Financials,0,0.037173,0.179569,0
BKE,CY2023Q4,Consumer Discretionary,0,0.170574,0.014502,0
BKH,CY2023Q4,Utilities,0,0.134697,0.023176,0
BKNG,CY2023Q4,Consumer Discretionary,0,0.046405,0.295647,1
BKR,CY2023Q4,Energy,0,0.064375,0.013626,0
BKU,CY2023Q4,Financials,0,0.095217,0.129018,0
BL,CY2023Q4,Information Technology,0,0.141713,0.0626,0
BLD,CY2023Q4,Consumer Discretionary,0,0.113822,0.012563,0
BLDR,CY2023Q4,Industrials,0,0.084487,0.015079,0
BLFS,CY2023Q4,Health Care,0,-1.305865,0.070045,0
BLK,CY2023Q4,Financials,0,0.296912,0.057798,0
BLKB,CY2023Q4,Information Technology,0,0.018199,0.01428,0
BMI,CY2023Q4,Information Technology,0,0.135502,0.003971,0
BMRN,CY2023Q4,Health Care,0,0.03153,0.037928,0
BOH,CY2023Q4,Financials,0,0.18273,0.088633,0
BOOT,CY2023Q4,Consumer Discretionary,0,0.106887,0.032967,0
BOX,CY2023Q4,Information Technology,0,0.021592,0.00038,0
BR,CY2023Q4,Information Technology,0,0.050036,0.013482,0
BRBR,CY2023Q4,Consumer Staples,0,0.101998,0.004453,0
BRC,CY2023Q4,Industrials,0,0.142299,0.000441,0
BRK.B,CY2023Q4,Financials,0,0.402395,0.539365,1
BRKR,CY2023Q4,Health Care,0,0.238385,0.118568,0
BRO,CY2023Q4,Financials,0,0.262183,0.097389,0
BROS,CY2023Q4,Consumer Discretionary,0,-0.005517,0.021433,0
BRX,CY2023Q4,Consumer Discretionary,0,0.229701,0.022304,0
BSX,CY2023Q4,Health Care,0,0.13557,0.007611,0
BSY,CY2023Q4,Information Technology,0,0.578111,0.405166,1
BTSG,CY2023Q4,Health Care,0,-0.002753,0.055155,0
BTU,CY2023Q4,Energy,0,0.155466,0.044334,0
BURL,CY2023Q4,Consumer Discretionary,0,0.021207,0.007003,0
BWA,CY2023Q4,Consumer Discretionary,0,0.043725,0.029921,0
BWXT,CY2023Q4,Industrials,0,0.090814,0.011345,0
BX,CY2023Q4,Financials,0,0.11813,0.09908,0
BXMT,CY2023Q4,Real Estate,0,-0.06159,0.172245,0
BXP,CY2023Q4,Real Estate,0,0.144674,0.280339,1
BYD,CY2023Q4,Consumer Discretionary,0,0.097028,0.052704,0
C,CY2023Q4,Financials,0,-0.136253,0.330034,1
CABO,CY2023Q4,Energy,0,0.251317,0.179241,0
CACI,CY2023Q4,Industrials,0,0.045732,0.000776,0
CAG,CY2023Q4,Consumer Staples,0,0.089212,0.020878,0
CAH,CY2023Q4,Health Care,0,0.006406,0.006626,0
CAKE,CY2023Q4,Consumer Discretionary,0,0.014459,0.007156,0
CALM,CY2023Q4,Consumer Staples,0,0.032507,0.030492,0
CALX,CY2023Q4,Information Technology,0,-0.024927,0.089183,0
CALY,CY2023Q4,Consumer Discretionary,0,-0.087281,0.115822,0
CAR,CY2023Q4,Consumer Discretionary,0,0.093705,0.081941,0
CARG,CY2023Q4,Communication Services,0,-0.106412,0.208053,0
CARR,CY2023Q4,Industrials,0,0.097312,0.024972,0
CART,CY2023Q4,Consumer Discretionary,0,0.165629,2.782121,1
CASH,CY2023Q4,Financials,0,0.21289,0.020561,0
CASY,CY2023Q4,Consumer Discretionary,0,0.039067,0.004672,0
CAT,CY2023Q4,Industrials,0,0.156766,0.009444,0
CATY,CY2023Q4,Financials,0,0.516791,0.065007,0
CAVA,CY2023Q4,Consumer Discretionary,0,0.011565,0.027358,0
CB,CY2023Q4,Financials,0,0.254002,0.106525,0
CBRE,CY2023Q4,Real Estate,0,0.053296,0.029021,0
CBRL,CY2023Q4,Consumer Discretionary,0,0.006623,0.038149,0
CBSH,CY2023Q4,Financials,0,0.276499,0.037432,0
CBT,CY2023Q4,Materials,0,0.052192,0.190295,0
CBU,CY2023Q4,Financials,0,0.217624,0.038205,0
CC,CY2023Q4,Materials,0,-0.023371,0.031441,0
CCI,CY2023Q4,Real Estate,0,0.219833,0.060865,0
CCK,CY2023Q4,Materials,0,0.011197,0.040612,0
CCL,CY2023Q4,Consumer Discretionary,0,-0.009081,0.165778,0
CCS,CY2023Q4,Consumer Discretionary,0,0.075746,0.017742,0
CDNS,CY2023Q4,Information Technology,0,0.303099,0.054519,0
CDP,CY2023Q4,Real Estate,0,0.200235,1.542382,1
CDW,CY2023Q4,Information Technology,0,0.059002,0.002946,0
CE,CY2023Q4,Materials,0,0.266536,0.082711,0
CEG,CY2023Q4,Utilities,0,-0.006384,0.126004,0
CELH,CY2023Q4,Consumer Staples,0,0.113469,0.069431,0
CENTA,CY2023Q4,Consumer Staples,0,0.000678,0.003102,0
CENX,CY2023Q4,Materials,0,0.100137,0.177173,0
CERT,CY2023Q4,Health Care,0,-0.141529,0.430652,1
CF,CY2023Q4,Materials,0,0.174411,0.045582,0
CFFN,CY2023Q4,Financials,0,0.08317,0.1284,0
CFG,CY2023Q4,Financials,0,0.087507,0.129648,0
CFR,CY2023Q4,Financials,0,0.112613,0.208025,0
CG,CY2023Q4,Financials,0,-0.747139,0.860591,1
CGNX,CY2023Q4,Information Technology,0,0.057096,0.038807,0
CHCO,CY2023Q4,Financials,0,0.396694,0.013048,0
CHD,CY2023Q4,Consumer Staples,0,0.100589,0.021329,0
CHDN,CY2023Q4,Consumer Discretionary,0,0.102637,0.003913,0
CHE,CY2023Q4,Health Care,0,0.153697,0.020918,0
CHEF,CY2023Q4,Consumer Staples,0,0.016834,0.00853,0
CHH,CY2023Q4,Consumer Discretionary,0,0.080785,0.135459,0
CHRD,CY2023Q4,Utilities,0,0.495222,0.192144,0
CHRW,CY2023Q4,Industrials,0,0.007336,0.011541,0
CHTR,CY2023Q4,Communication Services,0,0.077164,0.015224,0
CHWY,CY2023Q4,Consumer Discretionary,0,-0.012882,0.020137,0
CI,CY2023Q4,Health Care,0,0.020131,0.008575,0
CIEN,CY2023Q4,Communication Services,0,0.080744,0.052901,0
CINF,CY2023Q4,Financials,0,0.352503,0.407169,1
CL,CY2023Q4,Consumer Staples,0,0.145051,0.001002,0
CLF,CY2023Q4,Materials,0,-0.030321,0.077422,0
CLH,CY2023Q4,Industrials,0,0.073495,0.006614,0
CLSK,CY2023Q4,Information Technology,0,0.34329,1.798698,1
CLX,CY2023Q4,Consumer Staples,0,0.046734,0.030861,0
CMC,CY2023Q4,Materials,0,0.088002,0.00464,0
CMCSA,CY2023Q4,Communication Services,0,0.10431,0.030042,0
CME,CY2023Q4,Financials,0,0.558813,0.005068,0
CMG,CY2023Q4,Consumer Discretionary,0,0.112103,0.014606,0
CMI,CY2023Q4,Industrials,0,-0.167506,0.245314,0
CMS,CY2023Q4,Utilities,0,0.156923,0.052918,0
CNC,CY2023Q4,Health Care,0,0.00114,0.011188,0
CNH,CY2023Q4,Industrials,0,0.085689,0.00402,0
CNK,CY2023Q4,Communication Services,0,-0.028173,0.131283,0
CNM,CY2023Q4,Industrials,0,0.061303,0.002195,0
CNMD,CY2023Q4,Health Care,0,0.101121,0.049124,0
CNO,CY2023Q4,Financials,0,0.031012,0.145558,0
CNP,CY2023Q4,Utilities,0,0.087993,0.035663,0
CNR,CY2023Q4,Energy,0,0.267486,0.090733,0
CNS,CY2023Q4,Financials,0,0.250168,0.009577,0
CNX,CY2023Q4,Energy,0,0.530556,0.469555,1
CNXC,CY2023Q4,Information Technology,0,0.031149,0.016397,0
CNXN,CY2023Q4,Information Technology,0,0.034141,0.002792,0
COCO,CY2023Q4,Consumer Staples,0,0.06381,0.046024,0
COF,CY2023Q4,Financials,0,0.096105,0.144647,0
COHR,CY2023Q4,Information Technology,0,-0.050883,0.041899,0
COHU,CY2023Q4,Materials,0,-0.014779,0.040739,0
COIN,CY2023Q4,Financials,0,0.286558,0.289918,1
COKE,CY2023Q4,Consumer Staples,0,0.046498,0.007281,0
COLB,CY2023Q4,Financials,0,0.10224,0.037951,0
COLL,CY2023Q4,Health Care,0,0.213296,0.062362,0
COLM,CY2023Q4,Consumer Discretionary,0,0.088057,0.016954,0
CON,CY2023Q4,Health Care,0,0.063155,0.048891,0
COO,CY2023Q4,Health Care,0,0.091144,0.000556,0
COP,CY2023Q4,Energy,0,0.204155,0.007804,0
COR,CY2023Q4,Health Care,0,0.008325,0.003239,0
CORT,CY2023Q4,Health Care,0,0.229999,0.0222,0
COST,CY2023Q4,Consumer Discretionary,0,0.027492,0.000129,0
COTY,CY2023Q4,Consumer Discretionary,0,0.102802,0.103837,0
CPB,CY2023Q4,Consumer Staples,0,0.092931,0.011209,0
CPF,CY2023Q4,Financials,0,0.241092,0.010956,0
CPK,CY2023Q4,Utilities,0,0.136599,0.065088,0
CPRI,CY2023Q4,Consumer Discretionary,0,0.073581,0.003868,0
CPRT,CY2023Q4,Industrials,0,0.325874,0.022751,0
CPRX,CY2023Q4,Health Care,0,0.315136,0.614723,1
CPT,CY2023Q4,Real Estate,0,0.572035,0.449635,1
CR,CY2023Q4,Industrials,0,0.0927,0.011431,0
CRBG,CY2023Q4,Financials,0,-0.399573,0.781226,1
CRC,CY2023Q4,Utilities,0,0.208276,0.58758,1
CRGY,CY2023Q4,Utilities,0,0.341298,0.667161,1
CRH,CY2023Q4,Materials,0,0.080714,0.048236,0
CRI,CY2023Q4,Consumer Discretionary,0,0.124157,0.040627,0
CRK,CY2023Q4,Energy,0,0.261987,0.222914,0
CRL,CY2023Q4,Health Care,0,0.184596,0.099474,0
CRM,CY2023Q4,Information Technology,0,0.140367,0.006907,0
CROX,CY2023Q4,Consumer Discretionary,0,0.264125,0.09484,0
CRS,CY2023Q4,Industrials,0,0.068408,0.001066,0
CRSR,CY2023Q4,Information Technology,0,0.014913,0.023391,0
CRUS,CY2023Q4,Information Technology,0,0.224114,0.067363,0
CRVL,CY2023Q4,Health Care,0,1.0,0.0,0
CRWD,CY2023Q4,Information Technology,0,0.033924,0.022345,0
CSCO,CY2023Q4,Communication Services,0,0.248023,0.01232,0
CSGP,CY2023Q4,Real Estate,0,0.151226,0.006197,0
CSGS,CY2023Q4,Information Technology,0,0.042613,0.022552,0
CSL,CY2023Q4,Industrials,0,0.182262,0.028565,0
CSR,CY2023Q4,Real Estate,0,-0.152401,0.247912,0
CSW,CY2023Q4,Industrials,0,0.052707,0.094872,0
CSX,CY2023Q4,Industrials,0,0.227989,0.003814,0
CTAS,CY2023Q4,Industrials,0,0.157587,0.006815,0
CTKB,CY2023Q4,Health Care,0,0.069814,0.204314,0
CTRA,CY2023Q4,Energy,0,0.260652,0.022451,0
CTRE,CY2023Q4,Health Care,0,0.440218,0.284591,1
CTS,CY2023Q4,Information Technology,0,0.122861,0.019027,0
CTSH,CY2023Q4,Information Technology,0,0.117276,0.010068,0
CTVA,CY2023Q4,Materials,0,-0.068249,0.055689,0
CUBE,CY2023Q4,Real Estate,0,0.429975,0.042015,0
CUBI,CY2023Q4,Financials,0,0.326029,0.089375,0
CUZ,CY2023Q4,Real Estate,0,0.095366,0.002,0
CVBF,CY2023Q4,Financials,0,0.345206,0.081438,0
CVCO,CY2023Q4,Consumer Discretionary,0,0.161099,0.022765,0
CVI,CY2023Q4,Utilities,0,0.041326,0.098642,0
CVLT,CY2023Q4,Information Technology,0,0.079056,0.014294,0
CVNA,CY2023Q4,Consumer Discretionary,0,-0.04703,0.329035,1
CVS,CY2023Q4,Health Care,0,0.021809,0.003379,0
CVSA,CY2023Q4,Consumer Discretionary,0,0.101441,0.072578,0
CVX,CY2023Q4,Energy,0,0.046165,0.079523,0
CW,CY2023Q4,Industrials,0,0.152567,0.018956,0
CWEN,CY2023Q4,Utilities,0,0.148594,0.137813,0
CWK,CY2023Q4,Real Estate,0,0.027347,0.042176,0
CWST,CY2023Q4,Industrials,0,-0.005037,0.056554,0
CWT,CY2023Q4,Utilities,0,0.140449,0.005385,0
CXM,CY2023Q4,Information Technology,0,0.091061,0.03231,0
CXT,CY2023Q4,Information Technology,0,0.138694,0.008373,0
CXW,CY2023Q4,Industrials,0,0.053879,0.025159,0
CZR,CY2023Q4,Consumer Discretionary,0,-0.025487,0.050203,0
D,CY2023Q4,Utilities,0,0.161856,0.262644,0
DAL,CY2023Q4,Industrials,0,0.143219,0.071679,0
DAN,CY2023Q4,Consumer Discretionary,0,-0.015638,0.022756,0
DAR,CY2023Q4,Industrials,0,0.052362,0.024568,0
DASH,CY2023Q4,Consumer Discretionary,0,-0.066869,0.033135,0
DBX,CY2023Q4,Information Technology,0,0.357953,0.1777,0
DCH,CY2023Q4,Consumer Discretionary,0,-0.013055,0.001843,0
DCI,CY2023Q4,Industrials,0,0.108827,0.004335,0
DCOM,CY2023Q4,Financials,0,0.182746,0.023389,0
DD,CY2023Q4,Materials,0,-0.007591,0.111908,0
DDOG,CY2023Q4,Information Technology,0,0.091568,0.050237,0
DE,CY2023Q4,Industrials,0,0.153711,0.034758,0
DEA,CY2023Q4,Real Estate,0,0.061085,0.013539,0
DECK,CY2023Q4,Consumer Discretionary,0,0.249899,0.08638,0
DEI,CY2023Q4,Real Estate,0,0.0,0.052316,0
DELL,CY2023Q4,Information Technology,0,0.045211,0.025067,0
DFH,CY2023Q4,Consumer Discretionary,0,0.089587,0.004641,0
DFIN,CY2023Q4,Financials,0,0.060057,0.040499,0
DG,CY2023Q4,Consumer Discretionary,0,0.028496,0.019363,0
DGII,CY2023Q4,Communication Services,0,-0.028787,0.085535,0
DGX,CY2023Q4,Health Care,0,0.083916,0.014123,0
DHI,CY2023Q4,Consumer Discretionary,0,0.122625,0.021101,0
DHR,CY2023Q4,Health Care,0,0.168462,0.032285,0
DINO,CY2023Q4,Energy,0,-0.008075,0.096888,0
DIOD,CY2023Q4,Information Technology,0,0.078376,0.042025,0
DIS,CY2023Q4,Communication Services,0,0.08115,0.068721,0
DKS,CY2023Q4,Consumer Discretionary,0,0.066101,0.009692,0
DLB,CY2023Q4,Information Technology,0,0.212251,0.180637,0
DLR,CY2023Q4,Real Estate,0,0.013236,0.502608,1
DLTR,CY2023Q4,Consumer Discretionary,0,0.028982,0.001625,0
DLX,CY2023Q4,Industrials,0,0.027867,0.042662,0
DNOW,CY2023Q4,Industrials,0,0.27027,0.210746,0
DOC,CY2023Q4,Real Estate,0,0.127855,0.012711,0
DOCN,CY2023Q4,Information Technology,0,0.088122,0.020173,0
DOCS,CY2023Q4,Health Care,0,0.354484,0.085129,0
DOCU,CY2023Q4,Information Technology,0,0.055402,0.044649,0
DORM,CY2023Q4,Consumer Discretionary,0,0.101729,0.018723,0
DOV,CY2023Q4,Industrials,0,0.155533,0.007582,0
DOW,CY2023Q4,Materials,0,-0.009886,0.038031,0
DPZ,CY2023Q4,Consumer Discretionary,0,0.112113,0.03163,0
DRH,CY2023Q4,Consumer Discretionary,0,0.032222,0.057529,0
DRI,CY2023Q4,Consumer Discretionary,0,0.077769,0.006539,0
DT,CY2023Q4,Information Technology,0,0.116931,0.015114,0
DTE,CY2023Q4,Utilities,0,0.123453,0.008495,0
DTM,CY2023Q4,Utilities,0,0.495902,0.107013,0
DUK,CY2023Q4,Utilities,0,0.13741,0.014329,0
DUOL,CY2023Q4,Consumer Discretionary,0,0.080253,0.059857,0
DV,CY2023Q4,Communication Services,0,0.192213,0.099509,0
DVA,CY2023Q4,Health Care,0,0.047895,0.03112,0
DVN,CY2023Q4,Energy,0,0.277925,0.040699,0
DXC,CY2023Q4,Information Technology,0,0.045896,0.017083,0
DXCM,CY2023Q4,Health Care,0,0.247753,0.123958,0
DXPE,CY2023Q4,Industrials,0,0.039266,0.000745,0
DY,CY2023Q4,Industrials,0,0.073704,0.015861,0
EA,CY2023Q4,Communication Services,0,0.1491,0.059364,0
EAT,CY2023Q4,Consumer Discretionary,0,0.039196,0.032084,0
EBAY,CY2023Q4,Consumer Discretionary,0,0.282592,0.239408,0
ECG,CY2023Q4,Industrials,0,0.057404,0.007204,0
ECL,CY2023Q4,Materials,0,0.102884,0.000815,0
ED,CY2023Q4,Utilities,0,0.09698,0.038867,0
EEFT,CY2023Q4,Information Technology,0,0.072361,0.031424,0
EFC,CY2023Q4,Financials,0,0.143349,0.018415,0
EFX,CY2023Q4,Industrials,0,0.099812,0.023151,0
EG,CY2023Q4,Financials,0,0.219732,0.04985,0
EGBN,CY2023Q4,Financials,0,0.326262,0.052683,0
EGP,CY2023Q4,Real Estate,0,0.425447,0.091754,0
EHC,CY2023Q4,Health Care,0,0.095525,0.001565,0
EIG,CY2023Q4,Financials,0,0.202038,0.133242,0
EIX,CY2023Q4,Utilities,0,0.101997,0.069032,0
EL,CY2023Q4,Consumer Staples,0,0.073148,0.064336,0
ELAN,CY2023Q4,Health Care,0,-0.136232,0.889985,1
ELF,CY2023Q4,Consumer Discretionary,0,0.099239,0.055146,0
ELS,CY2023Q4,Real Estate,0,0.254908,0.056949,0
ELV,CY2023Q4,Health Care,0,0.020163,0.010181,0
EMBC,CY2023Q4,Health Care,0,0.072485,0.051201,0
EME,CY2023Q4,Industrials,0,0.061501,0.008687,0
EMN,CY2023Q4,Materials,0,0.140462,0.061944,0
EMR,CY2023Q4,Industrials,0,0.034491,0.147416,0
ENOV,CY2023Q4,Health Care,0,0.006514,0.013412,0
ENPH,CY2023Q4,Materials,0,0.069138,0.137643,0
ENR,CY2023Q4,Consumer Staples,0,0.002651,0.021637,0
ENS,CY2023Q4,Industrials,0,0.088397,0.016003,0
ENSG,CY2023Q4,Health Care,0,0.022125,0.045757,0
ENTG,CY2023Q4,Materials,0,0.046971,0.009424,0
ENVA,CY2023Q4,Consumer Discretionary,0,0.038264,0.009137,0
EOG,CY2023Q4,Energy,0,0.312726,0.014061,0
EPAC,CY2023Q4,Industrials,0,0.124942,0.013475,0
EPAM,CY2023Q4,Information Technology,0,0.084298,7.1e-05,0
EPC,CY2023Q4,Industrials,0,0.009818,0.046164,0
EPR,CY2023Q4,Real Estate,0,0.229613,0.035605,0
EPRT,CY2023Q4,Real Estate,0,0.502333,0.0014,0
EQH,CY2023Q4,Financials,0,-0.341104,0.634702,1
EQIX,CY2023Q4,Real Estate,0,0.107583,0.026333,0
EQR,CY2023Q4,Real Estate,0,0.427381,0.1902,0
EQT,CY2023Q4,Information Technology,0,0.245744,0.177238,0
ERIE,CY2023Q4,Financials,0,0.135664,0.016896,0
ES,CY2023Q4,Utilities,0,-0.478237,0.599916,1
ESAB,CY2023Q4,Industrials,0,0.072879,0.011659,0
ESE,CY2023Q4,Industrials,0,0.069482,0.047874,0
ESI,CY2023Q4,Materials,0,0.134461,0.187523,0
ESNT,CY2023Q4,Financials,0,0.589911,0.011082,0
ESS,CY2023Q4,Real Estate,0,-0.140631,0.348851,1
ETD,CY2023Q4,Consumer Discretionary,0,0.104085,0.012934,0
ETN,CY2023Q4,Industrials,0,0.158539,0.007008,0
ETR,CY2023Q4,Utilities,0,0.362449,0.177008,0
ETSY,CY2023Q4,Consumer Discretionary,0,0.098853,0.03921,0
EVR,CY2023Q4,Financials,0,0.105243,0.014125,0
EVRG,CY2023Q4,Utilities,0,0.048826,0.161802,0
EVTC,CY2023Q4,Information Technology,0,0.058981,0.001036,0
EW,CY2023Q4,Health Care,0,0.292088,0.017467,0
EWBC,CY2023Q4,Financials,0,0.386791,0.088365,0
EXC,CY2023Q4,Utilities,0,0.114951,0.002106,0
EXE,CY2023Q4,Utilities,0,0.292094,0.245798,0
EXEL,CY2023Q4,Health Care,0,0.178292,0.176086,0
EXLS,CY2023Q4,Information Technology,0,0.097288,0.009473,0
EXP,CY2023Q4,Materials,0,0.231085,0.01087,0
EXPD,CY2023Q4,Industrials,0,0.069682,0.008562,0
EXPE,CY2023Q4,Consumer Discretionary,0,0.045722,0.062448,0
EXPI,CY2023Q4,Real Estate,0,-0.021597,0.023822,0
EXPO,CY2023Q4,Industrials,0,0.170293,0.013738,0
EXR,CY2023Q4,Real Estate,0,0.285052,0.019214,0
EXTR,CY2023Q4,Communication Services,0,0.013456,0.067748,0
EYE,CY2023Q4,Consumer Discretionary,0,-0.037978,0.130196,0
EZPW,CY2023Q4,Consumer Discretionary,0,0.094903,0.056996,0
F,CY2023Q4,Consumer Discretionary,0,-0.011444,0.038818,0
FAF,CY2023Q4,Financials,0,0.023858,0.025006,0
FANG,CY2023Q4,Energy,0,0.43088,0.039854,0
FAST,CY2023Q4,Industrials,0,0.151484,0.0086,0
FBIN,CY2023Q4,Industrials,0,0.070008,0.038223,0
FBK,CY2023Q4,Financials,0,0.223094,0.042448,0
FBNC,CY2023Q4,Financials,0,0.315422,0.01613,0
FBP,CY2023Q4,Financials,0,0.375872,0.012344,0
FBRT,CY2023Q4,Real Estate,0,0.390812,0.010223,0
FCF,CY2023Q4,Financials,0,0.367739,0.031563,0
FCFS,CY2023Q4,Consumer Discretionary,0,0.084898,0.00903,0
FCN,CY2023Q4,Industrials,0,0.088282,0.004991,0
FCPT,CY2023Q4,Real Estate,0,0.375006,0.002375,0
FCX,CY2023Q4,Materials,0,0.065707,0.012246,0
FDP,CY2023Q4,Consumer Staples,0,-0.105592,0.113966,0
FDS,CY2023Q4,Financials,0,0.273978,0.152441,0
FDX,CY2023Q4,Industrials,0,0.040605,0.009116,0
FE,CY2023Q4,Utilities,0,0.055626,0.059086,0
FELE,CY2023Q4,Industrials,0,0.081504,0.025841,0
FFBC,CY2023Q4,Financials,0,0.297762,0.016898,0
FFIN,CY2023Q4,Financials,0,0.384815,0.028348,0
FFIV,CY2023Q4,Communication Services,0,0.199802,0.015389,0
FHB,CY2023Q4,Financials,0,0.231932,0.065501,0
FHI,CY2023Q4,Financials,0,0.209907,0.023579,0
FHN,CY2023Q4,Financials,0,0.234667,0.041553,0
FIBK,CY2023Q4,Financials,0,0.249089,0.035118,0
FICO,CY2023Q4,Information Technology,0,0.316875,0.056635,0
FIS,CY2023Q4,Information Technology,0,0.099881,0.284873,1
FISV,CY2023Q4,Information Technology,0,0.357738,0.036475,0
FITB,CY2023Q4,Financials,0,0.224909,0.081384,0
FIVE,CY2023Q4,Consumer Discretionary,0,0.019818,0.04189,0
FIX,CY2023Q4,Industrials,0,0.06746,0.008822,0
FIZZ,CY2023Q4,Consumer Staples,0,0.145924,0.007145,0
FLO,CY2023Q4,Consumer Staples,0,0.031599,0.020321,0
FLR,CY2023Q4,Industrials,0,-0.005759,0.048404,0
FLS,CY2023Q4,Industrials,0,0.05374,0.011578,0
FN,CY2023Q4,Information Technology,0,0.09697,0.002016,0
FNB,CY2023Q4,Financials,0,0.172144,0.202202,0
FND,CY2023Q4,Consumer Discretionary,0,0.035379,0.024129,0
FNF,CY2023Q4,Financials,0,-0.020105,0.173453,0
FORM,CY2023Q4,Materials,0,0.451027,0.425551,1
FOUR,CY2023Q4,Information Technology,0,0.019133,0.029135,0
FOX,CY2023Q4,Communication Services,0,0.025744,0.101166,0
FOXF,CY2023Q4,Consumer Discretionary,0,0.012184,0.094404,0
FRPT,CY2023Q4,Consumer Staples,0,0.070977,0.106696,0
FRT,CY2023Q4,Real Estate,0,0.212791,0.020749,0
FSLR,CY2023Q4,Industrials,0,0.301444,0.033597,0
FSS,CY2023Q4,Industrials,0,0.103479,0.006481,0
FTDR,CY2023Q4,Consumer Discretionary,0,0.021858,0.113638,0
FTI,CY2023Q4,Energy,0,0.025509,0.018246,0
FTNT,CY2023Q4,Information Technology,0,0.219702,0.022243,0
FTV,CY2023Q4,Industrials,0,0.167456,0.021588,0
FUL,CY2023Q4,Materials,0,0.049829,0.008051,0
FULT,CY2023Q4,Financials,0,0.235883,0.031698,0
FUN,CY2023Q4,Consumer Discretionary,0,-0.026819,0.282747,1
FWRD,CY2023Q4,Industrials,0,0.300637,0.273398,1
G,CY2023Q4,Information Technology,0,0.25414,0.150606,0
GAP,CY2023Q4,Consumer Discretionary,0,0.057871,0.024895,0
GATX,CY2023Q4,Industrials,0,0.179007,0.033214,0
GBCI,CY2023Q4,Financials,0,0.279536,0.008859,0
GBX,CY2023Q4,Industrials,0,0.038576,0.0142,0
GD,CY2023Q4,Industrials,0,0.086133,0.007049,0
GDEN,CY2023Q4,Consumer Discretionary,0,-0.040626,0.976565,1
GDYN,CY2023Q4,Information Technology,0,0.037172,0.028441,0
GE,CY2023Q4,Industrials,0,0.168059,0.140001,0
GEF,CY2023Q4,Materials,0,0.051819,0.01606,0
GEHC,CY2023Q4,Health Care,0,0.077411,0.000358,0
GEN,CY2023Q4,Information Technology,0,0.149789,0.005767,0
GEO,CY2023Q4,Industrials,0,0.041481,0.000804,0
GFF,CY2023Q4,Industrials,0,0.065578,0.00015,0
GGG,CY2023Q4,Industrials,0,0.194044,0.05263,0
GHC,CY2023Q4,Consumer Discretionary,0,0.045645,0.066365,0
GIII,CY2023Q4,Consumer Discretionary,0,0.119613,0.094698,0
GILD,CY2023Q4,Health Care,0,0.200872,0.108304,0
GIS,CY2023Q4,Consumer Staples,0,0.11587,0.021448,0
GKOS,CY2023Q4,Health Care,0,-0.446537,0.056469,0
GL,CY2023Q4,Financials,0,0.194112,0.008374,0
GLPI,CY2023Q4,Real Estate,0,0.572562,0.060798,0
GLW,CY2023Q4,Information Technology,0,-0.01336,0.065046,0
GM,CY2023Q4,Consumer Discretionary,0,0.048908,0.020522,0
GME,CY2023Q4,Consumer Discretionary,0,-0.005101,0.002351,0
GMED,CY2023Q4,Health Care,0,0.024385,0.021783,0
GNL,CY2023Q4,Real Estate,0,-0.287888,0.91792,1
GNRC,CY2023Q4,Industrials,0,0.090819,0.034427,0
GNTX,CY2023Q4,Consumer Discretionary,0,0.198502,0.01664,0
GNW,CY2023Q4,Financials,0,-0.110937,0.126775,0
GO,CY2023Q4,Consumer Discretionary,0,0.014251,0.012783,0
GOGO,CY2023Q4,Communication Services,0,0.147909,0.0656,0
GOLF,CY2023Q4,Consumer Discretionary,0,-0.064917,0.161494,0
GOOG,CY2023Q4,Communication Services,0,0.239683,0.017042,0
GOOGL,CY2023Q4,Communication Services,0,0.239683,0.017042,0
GPC,CY2023Q4,Consumer Discretionary,0,0.056728,0.003568,0
GPI,CY2023Q4,Consumer Discretionary,0,0.024263,0.010571,0
GPK,CY2023Q4,Materials,0,0.08715,0.014779,0
GPN,CY2023Q4,Information Technology,0,0.148449,0.002296,0
GRBK,CY2023Q4,Consumer Discretionary,0,0.178424,0.005621,0
GRMN,CY2023Q4,Consumer Discretionary,0,0.365684,0.164325,0
GS,CY2023Q4,Financials,0,0.164958,0.005696,0
GSHD,CY2023Q4,Financials,0,0.057463,0.040157,0
GT,CY2023Q4,Industrials,0,-0.05688,0.039572,0
GTES,CY2023Q4,Industrials,0,0.07286,0.017299,0
GTLS,CY2023Q4,Industrials,0,0.094877,0.093763,0
GTM,CY2023Q4,Communication Services,0,-0.017383,0.113623,0
GTY,CY2023Q4,Consumer Discretionary,0,0.346585,0.029012,0
GVA,CY2023Q4,Industrials,0,0.027844,0.023752,0
GWRE,CY2023Q4,Information Technology,0,-0.130521,0.175787,0
GWW,CY2023Q4,Industrials,0,0.095321,0.014469,0
GXO,CY2023Q4,Industrials,0,0.028185,0.001475,0
H,CY2023Q4,Consumer Discretionary,0,0.031325,0.010598,0
HAE,CY2023Q4,Health Care,0,0.09291,0.014628,0
HAFC,CY2023Q4,Financials,0,0.158308,0.004029,0
HAL,CY2023Q4,Energy,0,0.115177,0.008186,0
HALO,CY2023Q4,Health Care,0,0.371189,0.007628,0
HAYW,CY2023Q4,Industrials,0,0.111452,0.057944,0
HBAN,CY2023Q4,Financials,0,0.050171,0.271798,1
HCA,CY2023Q4,Health Care,0,0.092874,0.026323,0
HCC,CY2023Q4,Materials,0,0.354246,0.152629,0
HCI,CY2023Q4,Financials,0,0.251509,0.132484,0
HCSG,CY2023Q4,Industrials,0,0.053317,0.065586,0
HD,CY2023Q4,Consumer Discretionary,0,0.101034,0.007527,0
HE,CY2023Q4,Utilities,0,0.047636,0.002045,0
HFWA,CY2023Q4,Financials,0,0.12643,0.163834,0
HGV,CY2023Q4,Consumer Discretionary,0,0.066732,0.023641,0
HIG,CY2023Q4,Financials,0,0.119688,0.015116,0
HII,CY2023Q4,Industrials,0,0.086245,0.033688,0
HIMS,CY2023Q4,Health Care,0,0.005048,0.038427,0
HIW,CY2023Q4,Real Estate,0,0.183686,0.076966,0
HL,CY2023Q4,Materials,0,-0.26805,0.144069,0
HLI,CY2023Q4,Financials,0,0.138522,0.005016,0
HLIT,CY2023Q4,Communication Services,0,0.501765,0.552826,1
HLNE,CY2023Q4,Financials,0,0.155719,0.175265,0
HLT,CY2023Q4,Consumer Discretionary,0,0.056343,0.084697,0
HLX,CY2023Q4,Utilities,0,-0.084537,0.123862,0
HMN,CY2023Q4,Financials,0,0.098039,0.067144,0
HNI,CY2023Q4,Consumer Discretionary,0,0.033392,0.019728,0
HOG,CY2023Q4,Consumer Discretionary,0,0.024504,0.103734,0
HOLX,CY2023Q4,Health Care,0,0.243313,0.14747,0
HOMB,CY2023Q4,Financials,0,0.359394,0.044019,0
HON,CY2023Q4,Industrials,0,0.133792,0.030558,0
HOOD,CY2023Q4,Financials,0,0.063694,0.245707,0
HOPE,CY2023Q4,Financials,0,0.199411,0.037529,0
HP,CY2023Q4,Utilities,0,0.14055,0.022871,0
HPE,CY2023Q4,Information Technology,0,0.087335,0.021068,0
HPQ,CY2023Q4,Information Technology,0,0.070493,0.012445,0
HQY,CY2023Q4,Health Care,0,0.058876,0.015431,0
HR,CY2023Q4,Health Care,0,-0.124327,0.076397,0
HRL,CY2023Q4,Consumer Staples,0,0.061266,0.006369,0
HRMY,CY2023Q4,Health Care,0,0.157988,0.081992,0
HSIC,CY2023Q4,Health Care,0,0.005966,0.037361,0
HST,CY2023Q4,Real Estate,0,0.102797,0.008069,0
HSTM,CY2023Q4,Health Care,0,0.065032,0.010055,0
HSY,CY2023Q4,Consumer Staples,0,0.131361,0.039787,0
HTH,CY2023Q4,Financials,0,0.200285,0.081765,0
HTLD,CY2023Q4,Industrials,0,0.018504,0.054782,0
HTO,CY2023Q4,Utilities,0,0.110594,0.066234,0
HTZ,CY2023Q4,Consumer Discretionary,0,-0.159341,0.392045,1
HUBB,CY2023Q4,Industrials,0,0.12082,0.024622,0
HUBG,CY2023Q4,Industrials,0,0.029223,0.000498,0
HUM,CY2023Q4,Health Care,0,-0.020444,0.051932,0
HWC,CY2023Q4,Financials,0,0.17362,0.125539,0
HWKN,CY2023Q4,Materials,0,0.071392,0.026762,0
HWM,CY2023Q4,Industrials,0,0.136337,0.023551,0
HXL,CY2023Q4,Industrials,0,-0.039781,0.132034,0
HZO,CY2023Q4,Consumer Discretionary,0,0.001764,0.023701,0
IAC,CY2023Q4,Communication Services,0,0.309773,0.661184,1
IART,CY2023Q4,Energy,0,0.049955,0.001028,0
IBKR,CY2023Q4,Financials,0,0.140474,0.005377,0
IBM,CY2023Q4,Information Technology,0,0.189172,0.073662,0
IBOC,CY2023Q4,Financials,0,0.520614,0.010005,0
IBP,CY2023Q4,Consumer Discretionary,0,0.089852,0.006398,0
ICE,CY2023Q4,Financials,0,0.13991,0.082815,0
ICHR,CY2023Q4,Materials,0,-0.058477,0.005494,0
ICUI,CY2023Q4,Health Care,0,-0.029169,0.04225,0
IDA,CY2023Q4,Utilities,0,0.07588,0.130154,0
IDCC,CY2023Q4,Communication Services,0,0.37042,0.028244,0
IDXX,CY2023Q4,Health Care,0,0.215751,0.016062,0
IEX,CY2023Q4,Utilities,0,0.13766,0.125889,0
IIIN,CY2023Q4,Industrials,0,0.0093,0.026416,0
IIPR,CY2023Q4,Real Estate,0,0.521691,0.008414,0
ILMN,CY2023Q4,Health Care,0,-0.155971,0.517844,1
INCY,CY2023Q4,Health Care,0,0.198432,0.012072,0
INDB,CY2023Q4,Financials,0,0.319246,0.02252,0
INDV,CY2023Q4,Health Care,0,0.1843,0.040683,0
INGR,CY2023Q4,Industrials,0,0.068194,0.009524,0
INSP,CY2023Q4,Health Care,0,0.076688,0.132395,0
INSW,CY2023Q4,Utilities,0,0.526909,0.121722,0
INTC,CY2023Q4,Information Technology,0,0.173244,0.152267,0
INTU,CY2023Q4,Information Technology,0,0.080927,0.04811,0
INVA,CY2023Q4,Health Care,0,0.71681,0.503041,1
INVH,CY2023Q4,Real Estate,0,0.207499,0.005904,0
INVX,CY2023Q4,Utilities,0,0.138509,0.02803,0
IOSP,CY2023Q4,Materials,0,0.07641,0.008055,0
IP,CY2023Q4,Materials,0,-0.061726,0.097494,0
IPAR,CY2023Q4,Consumer Staples,0,0.031697,0.112919,0
IPGP,CY2023Q4,Information Technology,0,0.138605,0.043856,0
IQV,CY2023Q4,Health Care,0,0.121251,0.040149,0
IR,CY2023Q4,Industrials,0,0.126167,0.006378,0
IRDM,CY2023Q4,Communication Services,0,0.19525,0.20356,0
IRM,CY2023Q4,Real Estate,0,0.02006,0.045525,0
IRT,CY2023Q4,Real Estate,0,-0.242538,0.265847,1
ISRG,CY2023Q4,Health Care,0,0.31437,0.075969,0
IT,CY2023Q4,Industrials,0,0.131536,0.003759,0
ITGR,CY2023Q4,Health Care,0,0.065159,0.003533,0
ITRI,CY2023Q4,Information Technology,0,0.076902,0.005265,0
ITT,CY2023Q4,Industrials,0,0.112411,0.022366,0
ITW,CY2023Q4,Industrials,0,0.180015,0.011501,0
IVZ,CY2023Q4,Financials,0,-0.525187,0.616311,1
J,CY2023Q4,Industrials,0,0.061066,0.026236,0
JBGS,CY2023Q4,Real Estate,0,-0.220878,0.16185,0
JBHT,CY2023Q4,Industrials,0,0.046474,0.01277,0
JBL,CY2023Q4,Information Technology,0,0.023131,0.004805,0
JBLU,CY2023Q4,Industrials,0,-0.044301,0.020722,0
JBSS,CY2023Q4,Consumer Staples,0,0.06583,0.009299,0
JBTM,CY2023Q4,Industrials,0,0.131354,0.962799,1
JCI,CY2023Q4,Industrials,0,0.071799,0.021999,0
JEF,CY2023Q4,Financials,0,0.054827,0.011329,0
JHG,CY2023Q4,Financials,0,0.207212,0.05654,0
JJSF,CY2023Q4,Consumer Staples,0,0.020907,0.04763,0
JKHY,CY2023Q4,Information Technology,0,0.168526,0.009431,0
JLL,CY2023Q4,Real Estate,0,0.029313,0.017633,0
JNJ,CY2023Q4,Health Care,0,0.18925,1.029803,1
JOE,CY2023Q4,Real Estate,0,0.152009,0.03942,0
JPM,CY2023Q4,Financials,0,0.24771,0.081856,0
KAI,CY2023Q4,Industrials,0,0.114782,0.011616,0
KALU,CY2023Q4,Materials,0,0.010531,0.003269,0
KBH,CY2023Q4,Consumer Discretionary,0,0.089787,0.004688,0
KBR,CY2023Q4,Industrials,0,0.012717,0.021191,0
KD,CY2023Q4,Information Technology,0,-0.003049,0.031815,0
KDP,CY2023Q4,Consumer Staples,0,0.179209,0.043072,0
KEX,CY2023Q4,Industrials,0,0.077462,0.004868,0
KEY,CY2023Q4,Financials,0,0.045486,0.159659,0
KEYS,CY2023Q4,Information Technology,0,0.172387,0.036006,0
KFY,CY2023Q4,Industrials,0,-0.002402,0.06839,0
KGS,CY2023Q4,Utilities,0,-0.030419,0.124651,0
KHC,CY2023Q4,Consumer Staples,0,0.11035,0.070472,0
KIM,CY2023Q4,Real Estate,0,0.295304,0.044322,0
KKR,CY2023Q4,Financials,0,0.254665,0.148453,0
KLAC,CY2023Q4,Information Technology,0,0.234257,0.075041,0
KLIC,CY2023Q4,Materials,0,0.054285,0.061161,0
KMB,CY2023Q4,Consumer Staples,0,0.102414,0.011966,0
KMI,CY2023Q4,Energy,0,0.147103,0.010937,0
KMPR,CY2023Q4,Financials,0,0.086506,0.330545,1
KMT,CY2023Q4,Industrials,0,0.046653,0.01438,0
KMX,CY2023Q4,Consumer Discretionary,0,0.013337,0.003434,0
KN,CY2023Q4,Information Technology,0,0.340517,0.186956,0
KNF,CY2023Q4,Materials,0,0.032001,0.102499,0
KNSL,CY2023Q4,Financials,0,0.294406,0.052285,0
KNX,CY2023Q4,Industrials,0,-0.005515,0.035315,0
KO,CY2023Q4,Consumer Staples,0,0.18186,0.076401,0
KOP,CY2023Q4,Materials,0,0.025136,0.022647,0
KR,CY2023Q4,Consumer Discretionary,0,0.019024,0.024341,0
KRC,CY2023Q4,Real Estate,0,0.175766,0.010281,0
KRG,CY2023Q4,Real Estate,0,0.040173,0.030184,0
KSS,CY2023Q4,Consumer Discretionary,0,0.014554,0.000337,0
KTB,CY2023Q4,Consumer Discretionary,0,0.102674,0.011723,0
KTOS,CY2023Q4,Industrials,0,0.002557,0.019293,0
KVUE,CY2023Q4,Consumer Staples,0,0.089198,0.022679,0
KWR,CY2023Q4,Materials,0,0.04324,0.025388,0
L,CY2023Q4,Industrials,0,0.104744,0.040302,0
LAD,CY2023Q4,Consumer Discretionary,0,0.02782,0.003773,0
LAMR,CY2023Q4,Real Estate,0,0.268017,0.010141,0
LAUR,CY2023Q4,Consumer Discretionary,0,0.265098,0.164405,0
LBRT,CY2023Q4,Energy,0,0.085941,0.036279,0
LCII,CY2023Q4,Consumer Discretionary,0,-0.034773,0.061758,0
LDOS,CY2023Q4,Industrials,0,0.057538,0.159297,0
LEA,CY2023Q4,Consumer Discretionary,0,0.021793,0.001196,0
LECO,CY2023Q4,Industrials,0,0.184568,0.029875,0
LEG,CY2023Q4,Consumer Discretionary,0,-0.266613,0.311534,1
LEN,CY2023Q4,Consumer Discretionary,0,0.124112,0.002926,0
LFUS,CY2023Q4,Information Technology,0,0.080331,0.014861,0
LGIH,CY2023Q4,Consumer Discretionary,0,0.085614,0.022949,0
LGND,CY2023Q4,Health Care,0,0.647237,0.95979,1
LH,CY2023Q4,Health Care,0,-0.055089,0.115053,0
LHX,CY2023Q4,Industrials,0,0.029588,0.048337,0
LIF,CY2023Q4,Information Technology,0,-0.036176,0.047017,0
LII,CY2023Q4,Industrials,0,0.126082,0.030642,0
LIN,CY2023Q4,Materials,0,0.185859,0.006048,0
LITE,CY2023Q4,Communication Services,0,-0.270174,0.056384,0
LIVN,CY2023Q4,Health Care,0,0.052564,0.078141,0
LKFN,CY2023Q4,Financials,0,0.452257,0.023006,0
LKQ,CY2023Q4,Industrials,0,0.050557,0.007739,0
LLY,CY2023Q4,Health Care,0,0.234067,0.24011,0
LMAT,CY2023Q4,Health Care,0,0.173169,0.014935,0
LMT,CY2023Q4,Industrials,0,0.098866,0.000909,0
LNN,CY2023Q4,Industrials,0,0.093079,0.021975,0
LNT,CY2023Q4,Utilities,0,0.125911,0.114572,0
LNTH,CY2023Q4,Health Care,0,0.292035,0.120401,0
LOPE,CY2023Q4,Consumer Discretionary,0,0.290024,0.128974,0
LOW,CY2023Q4,Consumer Discretionary,0,0.08661,0.020498,0
LPG,CY2023Q4,Energy,0,0.613088,0.084315,0
LPX,CY2023Q4,Materials,0,0.086626,0.075462,0
LQDT,CY2023Q4,Industrials,0,0.026737,0.051805,0
LRCX,CY2023Q4,Information Technology,0,0.253912,0.000937,0
LRN,CY2023Q4,Consumer Discretionary,0,0.132383,0.122224,0
LSCC,CY2023Q4,Information Technology,0,0.578595,0.298696,1
LSTR,CY2023Q4,Industrials,0,0.048014,0.000308,0
LTC,CY2023Q4,Health Care,0,0.577519,0.114944,0
LTH,CY2023Q4,Consumer Discretionary,0,0.042381,0.028855,0
LULU,CY2023Q4,Consumer Discretionary,0,0.112835,0.041794,0
LUV,CY2023Q4,Industrials,0,-0.036934,0.066512,0
LVS,CY2023Q4,Consumer Discretionary,0,0.131046,0.004911,0
LW,CY2023Q4,Consumer Staples,0,0.124127,0.016869,0
LXP,CY2023Q4,Real Estate,0,0.156529,0.0273,0
LYB,CY2023Q4,Materials,0,0.018431,0.051687,0
LYFT,CY2023Q4,Consumer Discretionary,0,-0.021484,0.011031,0
LYV,CY2023Q4,Communication Services,0,-0.040032,0.103982,0
LZ,CY2023Q4,Industrials,0,0.046526,0.001486,0
LZB,CY2023Q4,Consumer Discretionary,0,0.053182,0.00387,0
M,CY2023Q4,Consumer Discretionary,0,0.008138,0.012305,0
MA,CY2023Q4,Information Technology,0,0.426237,0.063278,0
MAA,CY2023Q4,Real Estate,0,0.295946,0.09166,0
MAC,CY2023Q4,Real Estate,0,0.260503,1.464008,1
MAN,CY2023Q4,Industrials,0,-0.018249,0.024729,0
MANH,CY2023Q4,Information Technology,0,0.204554,0.002713,0
MAR,CY2023Q4,Consumer Discretionary,0,0.13913,0.012275,0
MAS,CY2023Q4,Industrials,0,0.101488,0.024333,0
MASI,CY2023Q4,Health Care,0,0.06176,0.039626,0
MAT,CY2023Q4,Consumer Discretionary,0,0.090898,0.014642,0
MATW,CY2023Q4,Consumer Discretionary,0,-0.005118,0.042028,0
MATX,CY2023Q4,Industrials,0,0.079097,0.065797,0
MBC,CY2023Q4,Industrials,0,0.053316,0.034828,0
MBIN,CY2023Q4,Financials,0,0.452576,0.034654,0
MC,CY2023Q4,Financials,0,-0.026341,0.013089,0
MCD,CY2023Q4,Consumer Discretionary,0,0.318295,0.027939,0
MCHP,CY2023Q4,Information Technology,0,0.237413,0.058289,0
MCK,CY2023Q4,Health Care,0,0.007281,0.001319,0
MCO,CY2023Q4,Financials,0,0.22973,0.034537,0
MCRI,CY2023Q4,Consumer Discretionary,0,0.141997,0.039728,0
MCW,CY2023Q4,Consumer Discretionary,0,0.05378,0.029462,0
MCY,CY2023Q4,Financials,0,0.139233,0.146956,0
MD,CY2023Q4,Health Care,0,-0.250355,0.292579,1
MDLZ,CY2023Q4,Consumer Staples,0,0.101997,0.006985,0
MDT,CY2023Q4,Health Care,0,0.113853,0.011152,0
MDU,CY2023Q4,Utilities,0,0.150383,0.075514,0
MEDP,CY2023Q4,Health Care,0,0.157098,0.013849,0
MET,CY2023Q4,Financials,0,0.030166,0.003568,0
META,CY2023Q4,Communication Services,0,0.349455,0.010235,0
MGEE,CY2023Q4,Utilities,0,0.121972,0.113856,0
MGM,CY2023Q4,Consumer Discretionary,0,0.071639,0.031088,0
MGY,CY2023Q4,Utilities,0,0.305135,0.018074,0
MHK,CY2023Q4,Consumer Discretionary,0,0.049765,0.324664,1
MHO,CY2023Q4,Consumer Discretionary,0,0.108249,0.024606,0
MIDD,CY2023Q4,Industrials,0,0.075644,0.035149,0
MIR,CY2023Q4,Information Technology,0,-0.065972,0.002688,0
MKC,CY2023Q4,Consumer Staples,0,0.125114,0.024147,0
MKSI,CY2023Q4,Materials,0,-0.077354,0.1192,0
MKTX,CY2023Q4,Financials,0,0.352992,0.034094,0
MLI,CY2023Q4,Industrials,0,0.16281,0.000928,0
MLKN,CY2023Q4,Consumer Discretionary,0,0.016066,0.116927,0
MLM,CY2023Q4,Materials,0,0.175995,0.033132,0
MMI,CY2023Q4,Real Estate,0,-0.061554,0.004527,0
MMM,CY2023Q4,Industrials,0,0.157448,0.488389,1
MMS,CY2023Q4,Information Technology,0,0.048339,0.001396,0
MMSI,CY2023Q4,Health Care,0,0.085139,0.003187,0
MNRO,CY2023Q4,Consumer Discretionary,0,0.038312,0.001652,0
MNST,CY2023Q4,Consumer Staples,0,0.212113,0.031791,0
MO,CY2023Q4,Consumer Staples,0,0.410032,0.000429,0
MOG.A,CY2023Q4,Industrials,0,0.0558,0.005469,0
MOH,CY2023Q4,Health Care,0,0.023873,0.004789,0
MORN,CY2023Q4,Financials,0,0.13644,0.060591,0
MOS,CY2023Q4,Materials,0,0.115987,0.11717,0
MP,CY2023Q4,Materials,0,-0.394588,0.313165,1
MPC,CY2023Q4,Energy,0,0.040022,0.04014,0
MPWR,CY2023Q4,Information Technology,0,0.213441,0.04171,0
MRCY,CY2023Q4,Industrials,0,-0.230833,0.028016,0
MRK,CY2023Q4,Health Care,0,-0.0838,0.381069,1
MRNA,CY2023Q4,Health Care,0,0.077197,2.05972,1
MRSH,CY2023Q4,Real Estate,0,0.136118,0.000481,0
MRTN,CY2023Q4,Industrials,0,0.046227,0.002418,0
MS,CY2023Q4,Financials,0,0.107243,0.063179,0
MSA,CY2023Q4,Consumer Discretionary,0,0.154252,0.008177,0
MSCI,CY2023Q4,Financials,0,0.584519,0.169356,0
MSEX,CY2023Q4,Utilities,0,0.148567,0.06464,0
MSFT,CY2023Q4,Information Technology,0,0.352628,0.041784,0
MSGS,CY2023Q4,Communication Services,0,0.043512,0.480742,1
MSI,CY2023Q4,Communication Services,0,0.209196,0.027663,0
MSM,CY2023Q4,Industrials,0,0.072696,0.011904,0
MTB,CY2023Q4,Financials,0,0.232289,0.0835,0
MTCH,CY2023Q4,Communication Services,0,0.265124,0.079408,0
MTD,CY2023Q4,Health Care,0,0.197642,0.016298,0
MTDR,CY2023Q4,Utilities,0,0.304424,0.037076,0
MTG,CY2023Q4,Financials,0,0.64976,0.033096,0
MTH,CY2023Q4,Consumer Discretionary,0,0.119761,0.017195,0
MTRN,CY2023Q4,Materials,0,0.046238,0.019667,0
MTSI,CY2023Q4,Information Technology,0,0.114707,0.024705,0
MTUS,CY2023Q4,Materials,0,0.003962,0.066055,0
MTX,CY2023Q4,Materials,0,0.075691,0.11074,0
MTZ,CY2023Q4,Industrials,0,0.00023,0.00416,0
MU,CY2023Q4,Information Technology,0,-0.261109,0.0955,0
MUR,CY2023Q4,Energy,0,0.138063,0.129657,0
MUSA,CY2023Q4,Consumer Discretionary,0,0.029592,0.000668,0
MWA,CY2023Q4,Industrials,0,0.055772,0.001295,0
MXL,CY2023Q4,Information Technology,0,-0.340088,0.03375,0
MYRG,CY2023Q4,Industrials,0,0.035345,0.002515,0
MZTI,CY2023Q4,Consumer Staples,0,0.105952,0.010732,0
NABL,CY2023Q4,Information Technology,0,0.086252,0.030352,0
NATL,CY2023Q4,Information Technology,0,-0.150961,0.096603,0
NAVI,CY2023Q4,Consumer Discretionary,0,0.122442,0.10349,0
NBHC,CY2023Q4,Financials,0,0.325658,0.014731,0
NBIX,CY2023Q4,Health Care,0,0.286685,0.120085,0
NBTB,CY2023Q4,Financials,0,0.22972,0.028852,0
NCLH,CY2023Q4,Consumer Discretionary,0,-0.053606,0.189987,0
NDAQ,CY2023Q4,Financials,0,0.119611,0.083007,0
NDSN,CY2023Q4,Consumer Discretionary,0,0.177639,0.019518,0
NE,CY2023Q4,Utilities,0,0.232823,0.00582,0
NEE,CY2023Q4,Utilities,0,0.175923,0.005957,0
NEO,CY2023Q4,Health Care,0,-0.092098,0.029755,0
NEOG,CY2023Q4,Health Care,0,-0.015185,0.021749,0
NEU,CY2023Q4,Materials,0,0.124986,0.041763,0
NFG,CY2023Q4,Utilities,0,0.253197,0.053503,0
NFLX,CY2023Q4,Communication Services,0,0.106176,0.090205,0
NGVT,CY2023Q4,Materials,0,-0.314232,0.370734,1
NHC,CY2023Q4,Health Care,0,0.094399,0.05839,0
NI,CY2023Q4,Utilities,0,0.15865,0.083703,0
NJR,CY2023Q4,Utilities,0,0.191372,0.079627,0
NKE,CY2023Q4,Consumer Discretionary,0,0.117867,0.005802,0
NMIH,CY2023Q4,Financials,0,0.551017,0.015637,0
NNN,CY2023Q4,Real Estate,0,0.447124,0.073453,0
NOC,CY2023Q4,Industrials,0,-0.050291,0.146148,0
NOG,CY2023Q4,Energy,0,0.490037,0.406874,1
NOV,CY2023Q4,Energy,0,0.255228,0.203054,0
NOVT,CY2023Q4,Information Technology,0,0.059134,0.036679,0
NOW,CY2023Q4,Information Technology,0,0.12105,0.015281,0
NPK,CY2023Q4,Industrials,0,0.133708,0.049285,0
NPO,CY2023Q4,Industrials,0,-0.019671,0.052778,0
NRG,CY2023Q4,Utilities,0,0.068459,0.027432,0
NSA,CY2023Q4,Real Estate,0,0.617157,0.373649,1
NSC,CY2023Q4,Industrials,0,0.171494,0.010605,0
NSIT,CY2023Q4,Information Technology,0,0.040522,0.013938,0
NSP,CY2023Q4,Industrials,0,0.012025,0.016988,0
NSSC,CY2023Q4,Information Technology,0,0.265211,0.013796,0
NTAP,CY2023Q4,Information Technology,0,0.149168,0.045117,0
NTNX,CY2023Q4,Information Technology,0,-0.03102,0.004135,0
NTRS,CY2023Q4,Financials,0,0.044283,0.137673,0
NUE,CY2023Q4,Materials,0,0.101959,0.028116,0
NUS,CY2023Q4,Real Estate,0,0.014903,0.088995,0
NVDA,CY2023Q4,Information Technology,0,0.510099,0.051967,0
NVR,CY2023Q4,Consumer Discretionary,0,0.165391,0.000241,0
NVRI,CY2023Q4,Industrials,0,-0.090668,0.072573,0
NVST,CY2023Q4,Health Care,0,-0.336741,0.370798,1
NVT,CY2023Q4,Industrials,0,0.369153,0.2216,0
NWBI,CY2023Q4,Financials,0,0.124084,0.034945,0
NWE,CY2023Q4,Utilities,0,0.233539,0.142178,0
NWL,CY2023Q4,Consumer Discretionary,0,-0.041426,0.065019,0
NWN,CY2023Q4,Utilities,0,0.125494,0.292918,1
NWS,CY2023Q4,Communication Services,0,0.073068,0.061063,0
NX,CY2023Q4,Industrials,0,0.0,0.105787,0
NXPI,CY2023Q4,Information Technology,0,0.203682,0.025497,0
NXRT,CY2023Q4,Real Estate,0,0.266373,0.216873,0
NXST,CY2023Q4,Communication Services,0,0.087423,0.065339,0
NXT,CY2023Q4,Industrials,0,0.058269,0.010192,0
NYT,CY2023Q4,Communication Services,0,0.162488,0.072883,0
O,CY2023Q4,Real Estate,0,0.202925,0.021762,0
OC,CY2023Q4,Industrials,0,0.056858,0.079084,0
ODFL,CY2023Q4,Industrials,0,0.21585,0.008061,0
OFG,CY2023Q4,Financials,0,0.255676,0.031868,0
OGE,CY2023Q4,Utilities,0,0.085054,0.170817,0
OGN,CY2023Q4,Health Care,0,0.341677,0.303494,1
OGS,CY2023Q4,Utilities,0,0.116737,0.041729,0
OHI,CY2023Q4,Real Estate,0,0.229823,0.147735,0
OI,CY2023Q4,Materials,0,-0.286411,0.315671,1
OII,CY2023Q4,Energy,0,0.068022,0.021087,0
OKE,CY2023Q4,Energy,0,0.131423,0.023283,0
OKTA,CY2023Q4,Information Technology,0,-0.075342,0.019981,0
OLED,CY2023Q4,Information Technology,0,0.391473,0.026311,0
OLLI,CY2023Q4,Consumer Discretionary,0,0.066249,0.015734,0
OLN,CY2023Q4,Materials,0,0.032764,0.02952,0
OMC,CY2023Q4,Communication Services,0,0.104829,0.000891,0
OMCL,CY2023Q4,Health Care,0,-0.055535,0.074128,0
ON,CY2023Q4,Information Technology,0,0.278827,0.011631,0
ONB,CY2023Q4,Financials,0,0.232271,0.045473,0
ONTO,CY2023Q4,Materials,0,0.138488,0.034719,0
OPCH,CY2023Q4,Health Care,0,0.050852,0.000659,0
OPLN,CY2023Q4,Industrials,0,0.03236,0.001853,0
ORA,CY2023Q4,Utilities,0,0.148032,0.022369,0
ORI,CY2023Q4,Financials,0,0.098192,0.068307,0
ORLY,CY2023Q4,Consumer Discretionary,0,0.144181,0.010415,0
OSIS,CY2023Q4,Information Technology,0,0.083393,0.037266,0
OSK,CY2023Q4,Industrials,0,0.061132,0.012058,0
OSW,CY2023Q4,Consumer Discretionary,0,-0.037494,0.145742,0
OTIS,CY2023Q4,Industrials,0,0.089227,0.017501,0
OTTR,CY2023Q4,Utilities,0,0.183788,0.073082,0
OUT,CY2023Q4,Real Estate,0,0.120511,0.083132,0
OVV,CY2023Q4,Energy,0,0.270373,0.117107,0
OXM,CY2023Q4,Consumer Discretionary,0,0.03301,0.089404,0
OXY,CY2023Q4,Energy,0,0.136672,0.019545,0
OZK,CY2023Q4,Financials,0,0.470329,0.016116,0
PAG,CY2023Q4,Consumer Discretionary,0,0.026224,0.009143,0
PAHC,CY2023Q4,Health Care,0,0.005097,0.039742,0
PANW,CY2023Q4,Information Technology,0,0.103402,0.01317,0
PARR,CY2023Q4,Utilities,0,0.132504,0.066046,0
PATH,CY2023Q4,Information Technology,0,-0.096763,0.113327,0
PATK,CY2023Q4,Consumer Discretionary,0,0.039449,0.006217,0
PAYC,CY2023Q4,Industrials,0,0.179408,0.005722,0
PAYO,CY2023Q4,Information Technology,0,0.120457,0.058809,0
PAYX,CY2023Q4,Industrials,0,0.312187,0.013785,0
PB,CY2023Q4,Financials,0,0.678948,0.275709,1
PBF,CY2023Q4,Energy,0,-0.005296,0.078562,0
PBH,CY2023Q4,Health Care,0,0.187613,0.000551,0
PCAR,CY2023Q4,Industrials,0,0.148231,0.014123,0
PCG,CY2023Q4,Utilities,0,0.130521,0.059699,0
PCRX,CY2023Q4,Health Care,0,0.137218,0.070981,0
PCTY,CY2023Q4,Industrials,0,0.116791,0.008105,0
PDFS,CY2023Q4,Materials,0,0.021568,0.138971,0
PEB,CY2023Q4,Consumer Discretionary,0,-0.134581,0.037552,0
PECO,CY2023Q4,Consumer Discretionary,0,0.098337,0.008295,0
PEG,CY2023Q4,Utilities,0,0.209597,0.153001,0
PEGA,CY2023Q4,Information Technology,0,0.300833,0.322585,1
PEN,CY2023Q4,Health Care,0,0.190453,0.156446,0
PENG,CY2023Q4,Information Technology,0,-0.102349,2.020106,1
PENN,CY2023Q4,Consumer Discretionary,0,-0.256629,0.190944,0
PEP,CY2023Q4,Consumer Staples,0,0.04675,0.085088,0
PFE,CY2023Q4,Health Care,0,-0.231244,0.054682,0
PFG,CY2023Q4,Financials,0,-0.323956,0.594945,1
PFGC,CY2023Q4,Consumer Staples,0,0.005477,0.002603,0
PFS,CY2023Q4,Financials,0,0.239036,0.038079,0
PG,CY2023Q4,Consumer Staples,0,0.161746,0.044966,0
PGNY,CY2023Q4,Health Care,0,0.0499,0.006698,0
PGR,CY2023Q4,Financials,0,0.117075,0.045683,0
PH,CY2023Q4,Industrials,0,0.141435,0.007174,0
PHIN,CY2023Q4,Consumer Discretionary,0,0.02381,0.024926,0
PHM,CY2023Q4,Consumer Discretionary,0,0.165592,0.006039,0
PI,CY2023Q4,Information Technology,0,-0.214859,0.027615,0
PII,CY2023Q4,Consumer Discretionary,0,0.045081,0.022196,0
PIPR,CY2023Q4,Financials,0,0.110257,0.096861,0
PJT,CY2023Q4,Financials,0,0.075823,0.013279,0
PK,CY2023Q4,Consumer Discretionary,0,0.284627,0.244863,0
PKG,CY2023Q4,Materials,0,0.097631,0.003003,0
PLAB,CY2023Q4,Materials,0,0.196116,0.075873,0
PLD,CY2023Q4,Real Estate,0,0.342496,0.074883,0
PLMR,CY2023Q4,Financials,0,0.245707,0.043012,0
PLNT,CY2023Q4,Consumer Discretionary,0,0.123963,0.017035,0
PLTR,CY2023Q4,Information Technology,0,0.153515,0.025407,0
PLUS,CY2023Q4,Information Technology,0,0.053593,0.001994,0
PLXS,CY2023Q4,Information Technology,0,0.029732,0.009587,0
PM,CY2023Q4,Consumer Staples,0,0.242732,0.018031,0
PNC,CY2023Q4,Financials,0,0.145058,0.138642,0
PNFP,CY2023Q4,Financials,0,0.239934,0.097948,0
PNR,CY2023Q4,Industrials,0,0.211253,0.080306,0
PNW,CY2023Q4,Utilities,0,-2.3e-05,0.243169,0
PODD,CY2023Q4,Health Care,0,0.202628,0.082684,0
POOL,CY2023Q4,Consumer Discretionary,0,0.051281,0.04221,0
POR,CY2023Q4,Energy,0,0.093793,0.03519,0
POST,CY2023Q4,Consumer Staples,0,0.044814,0.011042,0
POWI,CY2023Q4,Information Technology,0,0.15944,0.001717,0
POWL,CY2023Q4,Industrials,0,0.124139,0.002562,0
PPC,CY2023Q4,Consumer Staples,0,0.029736,0.001921,0
PPG,CY2023Q4,Materials,0,0.02069,0.071042,0
PPL,CY2023Q4,Utilities,0,0.055638,0.056942,0
PR,CY2023Q4,Energy,0,0.227449,0.167554,0
PRA,CY2023Q4,Financials,0,0.021474,0.200747,0
PRAA,CY2023Q4,Consumer Discretionary,0,-0.039663,0.016993,0
PRDO,CY2023Q4,Consumer Discretionary,0,0.116199,0.113383,0
PRG,CY2023Q4,Consumer Discretionary,0,0.03653,0.023538,0
PRGO,CY2023Q4,Health Care,0,-0.027919,0.040555,0
PRGS,CY2023Q4,Information Technology,0,0.086653,0.022483,0
PRI,CY2023Q4,Financials,0,0.215147,0.002865,0
PRIM,CY2023Q4,Industrials,0,0.024819,0.006658,0
PRK,CY2023Q4,Financials,0,0.223836,0.074937,0
PRKS,CY2023Q4,Consumer Discretionary,0,0.102973,0.12239,0
PRLB,CY2023Q4,Industrials,0,0.055899,0.004956,0
PRSU,CY2023Q4,Consumer Discretionary,0,-0.052613,0.165406,0
PRU,CY2023Q4,Financials,0,0.174622,0.270647,1
PRVA,CY2023Q4,Health Care,0,0.006438,0.007085,0
PSA,CY2023Q4,Real Estate,0,0.335949,0.156468,0
PSMT,CY2023Q4,Consumer Discretionary,0,0.032617,0.018862,0
PSN,CY2023Q4,Industrials,0,0.030054,0.003393,0
PSTG,CY2023Q4,Information Technology,0,0.092273,0.102604,0
PSX,CY2023Q4,Energy,0,0.032924,0.019973,0
PTC,CY2023Q4,Information Technology,0,0.120657,0.037229,0
PTCT,CY2023Q4,Health Care,0,-0.507373,0.169057,0
PTEN,CY2023Q4,Energy,0,0.039102,0.039053,0
PTGX,CY2023Q4,Health Care,0,0.455583,48.228575,1
PVH,CY2023Q4,Consumer Discretionary,0,0.068391,0.025708,0
PWR,CY2023Q4,Industrials,0,0.036464,0.012076,0
PYPL,CY2023Q4,Information Technology,0,0.174682,0.037179,0
PZZA,CY2023Q4,Real Estate,0,0.045671,0.014989,0
QCOM,CY2023Q4,Information Technology,0,0.27851,0.105877,0
QDEL,CY2023Q4,Information Technology,0,0.009426,0.026496,0
QLYS,CY2023Q4,Information Technology,0,0.280784,0.046795,0
QNST,CY2023Q4,Communication Services,0,-0.094178,0.008923,0
QRVO,CY2023Q4,Information Technology,0,-0.118207,0.206528,0
QTWO,CY2023Q4,Information Technology,0,-0.111518,0.037979,0
R,CY2023Q4,Industrials,0,0.041019,0.014043,0
RAMP,CY2023Q4,Information Technology,0,0.080388,0.04997,0
RBA,CY2023Q4,Industrials,0,0.153713,0.038102,0
RBC,CY2023Q4,Industrials,0,0.10912,0.009915,0
RCL,CY2023Q4,Consumer Discretionary,0,0.083158,0.15939,0
RDN,CY2023Q4,Financials,0,0.443888,0.044442,0
RDNT,CY2023Q4,Health Care,0,-0.004425,0.04806,0
REG,CY2023Q4,Consumer Discretionary,0,0.249647,0.024732,0
REGN,CY2023Q4,Health Care,0,0.337653,0.037953,0
RES,CY2023Q4,Utilities,0,0.102043,0.046607,0
REX,CY2023Q4,Utilities,0,0.117949,0.075232,0
REXR,CY2023Q4,Real Estate,0,0.296431,0.020764,0
REYN,CY2023Q4,Consumer Staples,0,0.136183,0.05276,0
REZI,CY2023Q4,Industrials,0,0.053351,0.039837,0
RF,CY2023Q4,Financials,0,0.237694,0.073759,0
RGA,CY2023Q4,Financials,0,0.031955,0.024129,0
RGEN,CY2023Q4,Health Care,0,-0.105623,0.225481,0
RGLD,CY2023Q4,Materials,0,0.421732,0.050413,0
RH,CY2023Q4,Consumer Discretionary,0,-0.002911,0.09845,0
RHI,CY2023Q4,Industrials,0,0.059274,0.001824,0
RHP,CY2023Q4,Consumer Discretionary,0,0.224507,0.146501,0
RIG,CY2023Q4,Real Estate,0,-0.140351,0.168205,0
RITM,CY2023Q4,Real Estate,0,-0.098661,0.26948,1
RJF,CY2023Q4,Financials,0,0.164952,0.023452,0
RL,CY2023Q4,Consumer Discretionary,0,0.14302,0.053063,0
RLI,CY2023Q4,Financials,0,0.264378,0.22357,0
RMBS,CY2023Q4,Information Technology,0,0.478994,0.501063,1
RMD,CY2023Q4,Health Care,0,0.179566,0.019488,0
RNG,CY2023Q4,Information Technology,0,-0.082698,0.007244,0
RNR,CY2023Q4,Financials,0,0.486587,0.380928,1
RNST,CY2023Q4,Financials,0,0.151546,0.109473,0
ROCK,CY2023Q4,Industrials,0,0.059104,0.041415,0
ROG,CY2023Q4,Information Technology,0,0.113392,0.030459,0
ROK,CY2023Q4,Industrials,0,0.104776,0.013411,0
ROL,CY2023Q4,Industrials,0,0.144285,0.007754,0
ROP,CY2023Q4,Industrials,0,0.241091,0.019011,0
ROST,CY2023Q4,Consumer Discretionary,0,0.090831,0.000389,0
RPM,CY2023Q4,Materials,0,0.081185,0.018764,0
RRC,CY2023Q4,Energy,0,0.476757,0.390239,1
RRR,CY2023Q4,Consumer Discretionary,0,0.121671,0.035385,0
RRX,CY2023Q4,Industrials,0,0.034759,0.119315,0
RS,CY2023Q4,Materials,0,0.081713,0.000289,0
RSG,CY2023Q4,Industrials,0,0.114715,0.010798,0
RTX,CY2023Q4,Industrials,0,0.071561,0.144645,0
RUSHA,CY2023Q4,Industrials,0,0.038457,0.002072,0
RVTY,CY2023Q4,Health Care,0,0.112894,0.098735,0
RWT,CY2023Q4,Real Estate,0,0.466668,3.493535,1
RXO,CY2023Q4,Industrials,0,0.002045,0.00307,0
RYAN,CY2023Q4,Financials,0,0.042874,0.052929,0
RYN,CY2023Q4,Real Estate,0,0.271566,0.176135,0
SABR,CY2023Q4,Consumer Discretionary,0,-0.192349,0.083616,0
SAFE,CY2023Q4,Real Estate,0,0.39974,1.836948,1
SAFT,CY2023Q4,Financials,0,0.047454,0.038957,0
SAH,CY2023Q4,Consumer Discretionary,0,0.010796,0.007978,0
SAIA,CY2023Q4,Industrials,0,0.118791,0.007912,0
SAIC,CY2023Q4,Industrials,0,0.049077,0.089376,0
SAM,CY2023Q4,Consumer Staples,0,-0.046032,0.121323,0
SANM,CY2023Q4,Information Technology,0,0.03044,0.000303,0
SARO,CY2023Q4,Industrials,0,-0.003887,0.012424,0
SATS,CY2023Q4,Communication Services,0,-0.106447,0.077549,0
SBAC,CY2023Q4,Real Estate,0,0.162258,0.03418,0
SBCF,CY2023Q4,Financials,0,0.239708,0.005981,0
SBH,CY2023Q4,Consumer Discretionary,0,0.041222,0.004994,0
SBRA,CY2023Q4,Health Care,0,0.111191,0.209998,0
SBSI,CY2023Q4,Financials,0,0.316534,0.006441,0
SBUX,CY2023Q4,Consumer Discretionary,0,0.108686,0.021392,0
SCHL,CY2023Q4,Publishing,0,0.136687,0.461413,1
SCHW,CY2023Q4,Financials,0,0.20767,0.013129,0
SCI,CY2023Q4,Consumer Discretionary,0,0.131081,0.009337,0
SCL,CY2023Q4,Materials,0,-0.002242,0.024601,0
SCSC,CY2023Q4,Information Technology,0,0.036987,0.019377,0
SDGR,CY2023Q4,Health Care,0,-0.413755,1.043268,1
SEE,CY2023Q4,Materials,0,0.090018,0.049057,0
SEIC,CY2023Q4,Financials,0,0.249003,0.006404,0
SEM,CY2023Q4,Health Care,0,0.027892,0.001033,0
SEZL,CY2023Q4,Information Technology,0,0.060107,0.028415,0
SF,CY2023Q4,Financials,0,0.133607,0.307305,1
SFBS,CY2023Q4,Financials,0,0.398572,0.116536,0
SFM,CY2023Q4,Consumer Discretionary,0,0.029466,0.008656,0
SFNC,CY2023Q4,Financials,0,0.142666,0.107997,0
SGI,CY2023Q4,Consumer Discretionary,0,0.065869,0.022847,0
SHAK,CY2023Q4,Consumer Discretionary,0,0.025234,0.00238,0
SHC,CY2023Q4,Health Care,0,0.124681,0.176586,0
SHEN,CY2023Q4,Communication Services,0,0.038122,0.01449,0
SHO,CY2023Q4,Consumer Discretionary,0,0.56453,0.514744,1
SHOO,CY2023Q4,Consumer Discretionary,0,0.06904,0.047496,0
SHW,CY2023Q4,Materials,0,0.067819,0.056676,0
SIG,CY2023Q4,Consumer Discretionary,0,0.002155,0.039057,0
SIGI,CY2023Q4,Financials,0,0.110336,0.029946,0
SITM,CY2023Q4,Information Technology,0,-0.471618,0.035899,0
SJM,CY2023Q4,Consumer Staples,0,0.100536,0.00117,0
SKT,CY2023Q4,Consumer Discretionary,0,0.18397,0.051436,0
SKY,CY2023Q4,Consumer Discretionary,0,0.167913,0.028836,0
SKYW,CY2023Q4,Industrials,0,0.023299,0.007344,0
SLB,CY2023Q4,Energy,0,0.123804,0.011334,0
SLGN,CY2023Q4,Materials,0,0.048078,0.01327,0
SLM,CY2023Q4,Consumer Discretionary,0,0.122442,0.10349,0
SLVM,CY2023Q4,Materials,0,0.05083,0.01383,0
SM,CY2023Q4,Utilities,0,0.406069,0.059146,0
SMCI,CY2023Q4,Information Technology,0,0.080757,0.006691,0
SMG,CY2023Q4,Materials,0,-0.19615,1.054584,1
SMP,CY2023Q4,Consumer Discretionary,0,0.044436,0.009807,0
SMPL,CY2023Q4,Consumer Staples,0,0.115204,0.000847,0
SMTC,CY2023Q4,Information Technology,0,-0.190394,1.412151,1
SNA,CY2023Q4,Industrials,0,0.213355,0.003659,0
SNCY,CY2023Q4,Industrials,0,0.02299,0.007511,0
SNDK,CY2023Q4,Information Technology,0,-0.180781,0.136897,0
SNDR,CY2023Q4,Industrials,0,0.019975,0.006356,0
SNEX,CY2023Q4,Financials,0,0.163899,0.038311,0
SNPS,CY2023Q4,Information Technology,0,0.237968,0.0103,0
SNX,CY2023Q4,Information Technology,0,0.013017,0.003042,0
SO,CY2023Q4,Utilities,0,0.282878,0.079153,0
SOLV,CY2023Q4,Health Care,0,0.133595,0.088198,0
SON,CY2023Q4,Materials,0,0.09933,0.022887,0
SONO,CY2023Q4,Consumer Discretionary,0,0.132079,0.234452,0
SPG,CY2023Q4,Real Estate,0,0.489368,0.068276,0
SPGI,CY2023Q4,Financials,0,0.183693,0.056904,0
SPNT,CY2023Q4,Financials,0,0.144782,0.062943,0
SPSC,CY2023Q4,Information Technology,0,0.131142,0.006994,0
SPXC,CY2023Q4,Industrials,0,-0.049851,0.120642,0
SR,CY2023Q4,Energy,0,0.107454,0.219246,0
SRE,CY2023Q4,Utilities,0,0.211114,0.005142,0
SRPT,CY2023Q4,Health Care,0,0.115063,0.238436,0
SSB,CY2023Q4,Financials,0,0.267073,0.04681,0
SSD,CY2023Q4,Industrials,0,0.10923,0.07009,0
SSTK,CY2023Q4,Communication Services,0,-0.004631,0.126472,0
ST,CY2023Q4,Industrials,0,-0.203767,0.266487,1
STAA,CY2023Q4,Health Care,0,0.101687,0.041706,0
STAG,CY2023Q4,Real Estate,0,0.227378,0.051441,0
STBA,CY2023Q4,Financials,0,0.363409,0.00762,0
STC,CY2023Q4,Financials,0,0.015142,0.008124,0
STE,CY2023Q4,Health Care,0,0.108454,0.01532,0
STEL,CY2023Q4,Financials,0,0.243551,0.039746,0
STLD,CY2023Q4,Materials,0,0.100219,0.025612,0
STRA,CY2023Q4,Consumer Discretionary,0,0.129266,0.064709,0
STRL,CY2023Q4,Industrials,0,0.082664,0.012435,0
STT,CY2023Q4,Financials,0,0.056523,0.091377,0
STWD,CY2023Q4,Real Estate,0,0.328902,0.008159,0
STX,CY2023Q4,Information Technology,0,-0.012219,0.114329,0
STZ,CY2023Q4,Consumer Staples,0,0.206038,0.037194,0
SUPN,CY2023Q4,Health Care,0,0.007151,0.110972,0
SWK,CY2023Q4,Industrials,0,-0.081467,0.082655,0
SWKS,CY2023Q4,Information Technology,0,0.192509,0.178384,0
SWX,CY2023Q4,Energy,0,0.10377,0.101007,0
SXI,CY2023Q4,Industrials,0,0.105779,0.003957,0
SXT,CY2023Q4,Materials,0,-0.016699,0.103396,0
SYF,CY2023Q4,Financials,0,0.231267,0.079755,0
SYK,CY2023Q4,Health Care,0,0.196561,0.055595,0
SYNA,CY2023Q4,Information Technology,0,-0.037975,0.195934,0
SYY,CY2023Q4,Consumer Staples,0,0.021516,0.004121,0
T,CY2023Q4,Communication Services,0,0.066673,0.046803,0
TALO,CY2023Q4,Energy,0,0.223135,0.228624,0
TAP,CY2023Q4,Consumer Staples,0,0.037014,0.093564,0
TBBK,CY2023Q4,Financials,0,0.338919,0.024455,0
TCBI,CY2023Q4,Financials,0,0.069817,0.150024,0
TDC,CY2023Q4,Information Technology,0,-0.015317,0.042715,0
TDG,CY2023Q4,Industrials,0,0.157071,0.067011,0
TDS,CY2023Q4,Communication Services,0,-0.398806,0.385504,1
TDW,CY2023Q4,Energy,0,0.124444,0.036899,0
TDY,CY2023Q4,Information Technology,0,0.226737,0.085133,0
TECH,CY2023Q4,Health Care,0,0.100753,0.083381,0
TEL,CY2023Q4,Information Technology,0,0.470634,0.333831,1
TER,CY2023Q4,Materials,0,0.174551,0.007501,0
TEX,CY2023Q4,Industrials,0,0.083401,0.031327,0
TFIN,CY2023Q4,Financials,0,0.088238,0.027163,0
TFX,CY2023Q4,Health Care,0,0.040192,0.143546,0
TGNA,CY2023Q4,Consumer Discretionary,0,0.104887,0.029966,0
TGT,CY2023Q4,Consumer Discretionary,0,0.038231,0.004525,0
TGTX,CY2023Q4,Health Care,0,-0.327852,1.014943,1
THC,CY2023Q4,Health Care,0,0.04521,0.025285,0
THG,CY2023Q4,Financials,0,0.070578,0.064908,0
THO,CY2023Q4,Consumer Discretionary,0,0.021419,0.011555,0
THRM,CY2023Q4,Consumer Discretionary,0,0.049292,0.006026,0
TILE,CY2023Q4,Consumer Discretionary,0,0.060147,0.028383,0
TJX,CY2023Q4,Consumer Discretionary,0,0.089785,0.012265,0
TKO,CY2023Q4,Communication Services,0,-0.021728,0.027009,0
TKR,CY2023Q4,Industrials,0,0.053794,0.023129,0
TMDX,CY2023Q4,Health Care,0,0.049659,0.432347,1
TMHC,CY2023Q4,Consumer Discretionary,0,0.085444,0.016428,0
TMO,CY2023Q4,Health Care,0,0.149734,0.012457,0
TMP,CY2023Q4,Financials,0,0.216032,4.264339,1
TMUS,CY2023Q4,Communication Services,0,0.098349,0.012912,0
TNC,CY2023Q4,Industrials,0,0.09955,0.024395,0
TNDM,CY2023Q4,Health Care,0,-0.152452,0.025118,0
TNL,CY2023Q4,Consumer Discretionary,0,0.137821,0.026259,0
TOL,CY2023Q4,Consumer Discretionary,0,0.147521,0.006811,0
TPH,CY2023Q4,Consumer Discretionary,0,0.105449,0.015526,0
TPL,CY2023Q4,Energy,0,0.678699,0.01037,0
TPR,CY2023Q4,Consumer Discretionary,0,0.154617,0.025751,0
TR,CY2023Q4,Consumer Staples,0,0.149045,0.011436,0
TREX,CY2023Q4,Industrials,0,0.105678,0.109128,0
TRGP,CY2023Q4,Energy,0,0.066093,0.009633,0
TRIP,CY2023Q4,Communication Services,0,0.082051,0.031395,0
TRMB,CY2023Q4,Information Technology,0,0.067568,0.010673,0
TRMK,CY2023Q4,Financials,0,0.221329,0.007695,0
TRN,CY2023Q4,Industrials,0,0.039353,0.01281,0
TRNO,CY2023Q4,Real Estate,0,0.662342,0.298558,1
TROW,CY2023Q4,Financials,0,0.266504,0.004759,0
TRST,CY2023Q4,Financials,0,0.235988,0.078393,0
TRU,CY2023Q4,Industrials,0,0.006287,0.33033,1
TRUP,CY2023Q4,Financials,0,-0.007311,0.006808,0
TRV,CY2023Q4,Financials,0,0.148806,0.110818,0
TSCO,CY2023Q4,Consumer Discretionary,0,0.067736,0.007001,0
TSLA,CY2023Q4,Consumer Discretionary,0,0.315016,0.235658,0
TSN,CY2023Q4,Consumer Staples,0,0.008034,0.041747,0
TT,CY2023Q4,Industrials,0,0.113989,0.014275,0
TTC,CY2023Q4,Industrials,0,0.071501,0.085367,0
TTD,CY2023Q4,Communication Services,0,0.160653,0.080874,0
TTEK,CY2023Q4,Industrials,0,0.061039,0.018481,0
TTMI,CY2023Q4,Information Technology,0,0.030469,0.095204,0
TTWO,CY2023Q4,Communication Services,0,-0.067042,0.351369,1
TWLO,CY2023Q4,Information Technology,0,-0.339614,0.202523,0
TXN,CY2023Q4,Information Technology,0,0.336277,0.04082,0
TXRH,CY2023Q4,Consumer Discretionary,0,0.062206,0.005341,0
TXT,CY2023Q4,Industrials,0,0.050874,0.029593,0
TYL,CY2023Q4,Information Technology,0,0.080891,0.014142,0
UA,CY2023Q4,Consumer Discretionary,0,0.074529,0.007692,0
UAA,CY2023Q4,Consumer Discretionary,0,0.074529,0.007692,0
UAL,CY2023Q4,Industrials,0,0.044033,0.034467,0
UBER,CY2023Q4,Consumer Discretionary,0,0.14382,0.120037,0
UBSI,CY2023Q4,Financials,0,0.309192,0.066178,0
UCB,CY2023Q4,Financials,0,0.076036,0.152956,0
UCTT,CY2023Q4,Materials,0,-0.008545,0.024788,0
UDR,CY2023Q4,Real Estate,0,0.07686,0.000279,0
UFCS,CY2023Q4,Financials,0,0.068245,0.044956,0
UFPI,CY2023Q4,Industrials,0,0.067863,0.005475,0
UFPT,CY2023Q4,Health Care,0,0.114368,0.001662,0
UGI,CY2023Q4,Utilities,0,0.044319,0.048986,0
UHS,CY2023Q4,Health Care,0,0.058425,0.011554,0
UHT,CY2023Q4,Health Care,0,0.147738,0.01211,0
ULTA,CY2023Q4,Consumer Discretionary,0,0.100237,0.018389,0
UMBF,CY2023Q4,Financials,0,0.191283,0.084093,0
UNF,CY2023Q4,Industrials,0,0.071311,0.022996,0
UNFI,CY2023Q4,Consumer Discretionary,0,-0.005164,0.004004,0
UNH,CY2023Q4,Health Care,0,0.060099,0.005275,0
UNIT,CY2023Q4,Communication Services,0,-0.026475,0.383526,1
UNM,CY2023Q4,Financials,0,0.105116,0.039797,0
UNP,CY2023Q4,Industrials,0,0.268225,0.01103,0
UPBD,CY2023Q4,Consumer Discretionary,0,-0.011054,0.01551,0
UPS,CY2023Q4,Industrials,0,0.064414,0.010903,0
UPWK,CY2023Q4,Industrials,0,0.094458,0.001493,0
URBN,CY2023Q4,Consumer Discretionary,0,0.064795,0.017026,0
URI,CY2023Q4,Industrials,0,0.182135,0.004585,0
USB,CY2023Q4,Financials,0,0.075414,0.142319,0
USFD,CY2023Q4,Consumer Staples,0,0.01645,0.006018,0
USPH,CY2023Q4,Health Care,0,0.004238,0.057453,0
UTHR,CY2023Q4,Health Care,0,0.35318,0.08594,0
UTL,CY2023Q4,Utilities,0,0.119599,0.106124,0
UVV,CY2023Q4,Consumer Staples,0,0.064779,0.020724,0
V,CY2023Q4,Information Technology,0,0.566366,0.022632,0
VAC,CY2023Q4,Consumer Discretionary,0,0.029313,0.0061,0
VC,CY2023Q4,Consumer Discretionary,0,0.369697,0.304608,1
VCEL,CY2023Q4,Health Care,0,0.199905,0.280201,1
VCTR,CY2023Q4,Financials,0,0.268259,0.020238,0
VCYT,CY2023Q4,Health Care,0,-0.288119,0.040575,0
VECO,CY2023Q4,Materials,0,0.124405,0.014145,0
VFC,CY2023Q4,Consumer Discretionary,0,-0.015269,0.139072,0
VIAV,CY2023Q4,Communication Services,0,0.042043,0.002511,0
VICI,CY2023Q4,Real Estate,0,0.802443,0.187252,0
VICR,CY2023Q4,Industrials,0,0.093554,0.060205,0
VIRT,CY2023Q4,Financials,0,0.014635,0.109852,0
VITL,CY2023Q4,Industrials,0,0.053088,0.01213,0
VLO,CY2023Q4,Energy,0,0.033941,0.034333,0
VLTO,CY2023Q4,Industrials,0,0.15528,0.008067,0
VLY,CY2023Q4,Financials,0,0.081593,0.075339,0
VMC,CY2023Q4,Materials,0,0.123971,0.002527,0
VMI,CY2023Q4,Industrials,0,0.035411,0.082091,0
VNO,CY2023Q4,Real Estate,0,-0.138074,0.255251,0
VNOM,CY2023Q4,Energy,0,0.277463,0.009426,0
VNT,CY2023Q4,Information Technology,0,0.134601,0.016231,0
VOYA,CY2023Q4,Financials,0,0.064871,0.071169,0
VRE,CY2023Q4,Real Estate,0,-0.075368,0.749132,1
VRRM,CY2023Q4,Information Technology,0,0.014321,0.130048,0
VRSK,CY2023Q4,Industrials,0,0.25694,0.019624,0
VRSN,CY2023Q4,Information Technology,0,0.695846,0.194916,0
VRT,CY2023Q4,Industrials,0,0.124692,0.070692,0
VRTS,CY2023Q4,Financials,0,0.14369,0.002741,0
VRTX,CY2023Q4,Health Care,0,0.384796,0.032076,0
VSAT,CY2023Q4,Communication Services,0,-0.11023,0.515874,1
VSCO,CY2023Q4,Consumer Discretionary,0,-0.056126,0.055426,0
VSEC,CY2023Q4,Industrials,0,0.049315,0.008006,0
VSH,CY2023Q4,Information Technology,0,0.06555,0.011213,0
VST,CY2023Q4,Utilities,0,-0.072125,0.185928,0
VSTS,CY2023Q4,Industrials,0,0.017085,0.114179,0
VTOL,CY2023Q4,Utilities,0,-0.011329,0.017789,0
VTR,CY2023Q4,Real Estate,0,-0.078502,0.016432,0
VTRS,CY2023Q4,Health Care,0,-0.199515,0.283637,1
VVV,CY2023Q4,Consumer Discretionary,0,0.085431,0.039953,0
VZ,CY2023Q4,Communication Services,0,-0.077,0.219848,0
WAB,CY2023Q4,Industrials,0,0.085115,0.009003,0
WABC,CY2023Q4,Financials,0,0.49946,0.004208,0
WAFD,CY2023Q4,Financials,0,0.325727,0.018038,0
WAL,CY2023Q4,Financials,0,0.209255,0.083756,0
WAT,CY2023Q4,Health Care,0,0.263834,0.074775,0
WAY,CY2023Q4,Health Care,0,-0.06974,0.008764,0
WBD,CY2023Q4,Communication Services,0,-0.038895,0.002892,0
WBS,CY2023Q4,Financials,0,1.0,0.0,0
WCC,CY2023Q4,Industrials,0,0.023313,0.015487,0
WD,CY2023Q4,Financials,0,0.115451,0.03548,0
WDAY,CY2023Q4,Information Technology,0,0.061093,0.016885,0
WDC,CY2023Q4,Information Technology,0,-0.094657,0.154434,0
WDFC,CY2023Q4,Consumer Staples,0,0.124501,0.00649,0
WEC,CY2023Q4,Utilities,0,0.098534,0.062904,0
WELL,CY2023Q4,Real Estate,0,0.047955,0.028741,0
WEN,CY2023Q4,Consumer Discretionary,0,0.151832,0.026637,0
WERN,CY2023Q4,Industrials,0,0.02868,0.000308,0
WEX,CY2023Q4,Information Technology,0,0.127996,0.09975,0
WFRD,CY2023Q4,Energy,0,0.10279,0.009111,0
WGO,CY2023Q4,Consumer Discretionary,0,0.033814,0.079805,0
WH,CY2023Q4,Consumer Discretionary,0,0.152648,0.103571,0
WHD,CY2023Q4,Utilities,0,0.225834,0.01045,0
WHR,CY2023Q4,Consumer Staples,0,0.096502,0.079652,0
WINA,CY2023Q4,Consumer Discretionary,0,0.484873,0.01472,0
WING,CY2023Q4,Consumer Discretionary,0,0.148075,0.018537,0
WKC,CY2023Q4,Utilities,0,-0.002899,0.005749,0
WLK,CY2023Q4,Materials,0,-0.175867,0.26736,1
WM,CY2023Q4,Industrials,0,0.094499,0.03305,0
WMB,CY2023Q4,Energy,0,0.408405,0.153227,0
WMG,CY2023Q4,Communication Services,0,0.090961,0.004877,0
WMS,CY2023Q4,Industrials,0,0.159487,0.014569,0
WMT,CY2023Q4,Consumer Discretionary,0,0.002817,0.046004,0
WOR,CY2023Q4,Industrials,0,0.081488,0.226625,0
WPC,CY2023Q4,Real Estate,0,0.349857,0.071094,0
WRB,CY2023Q4,Financials,0,0.123344,0.013273,0
WRLD,CY2023Q4,Consumer Discretionary,0,0.195076,0.003319,0
WS,CY2023Q4,Materials,0,-0.007426,0.07201,0
WSC,CY2023Q4,Consumer Discretionary,0,0.140972,0.010335,0
WSFS,CY2023Q4,Financials,0,0.265712,0.047415,0
WSM,CY2023Q4,Consumer Discretionary,0,0.12801,0.019825,0
WSO,CY2023Q4,Industrials,0,0.051489,0.02889,0
WSR,CY2023Q4,Consumer Discretionary,0,0.041067,0.02588,0
WST,CY2023Q4,Health Care,0,0.191667,0.029099,0
WT,CY2023Q4,Financials,0,0.209997,0.066406,0
WTFC,CY2023Q4,Financials,0,0.220667,0.062633,0
WTRG,CY2023Q4,Utilities,0,0.282525,0.087814,0
WTS,CY2023Q4,Industrials,0,0.101735,0.028743,0
WTW,CY2023Q4,Financials,0,0.213452,0.150664,0
WU,CY2023Q4,Information Technology,0,0.120688,0.035078,0
WWD,CY2023Q4,Industrials,0,0.114453,0.00809,0
WWW,CY2023Q4,Consumer Discretionary,0,-0.171065,0.187362,0
WY,CY2023Q4,Real Estate,0,0.12345,0.00525,0
WYNN,CY2023Q4,Consumer Discretionary,0,0.396181,0.465968,1
XEL,CY2023Q4,Utilities,0,0.068459,0.027432,0
XHR,CY2023Q4,Consumer Discretionary,0,0.029991,0.06675,0
XNCR,CY2023Q4,Health Care,0,-0.374779,0.03542,0
XOM,CY2023Q4,Energy,0,0.093404,0.009001,0
XPEL,CY2023Q4,Consumer Discretionary,0,0.113419,0.019581,0
XPO,CY2023Q4,Industrials,0,0.029897,0.012527,0
XRAY,CY2023Q4,Health Care,0,0.066206,0.347093,1
XYL,CY2023Q4,Industrials,0,0.12559,0.052372,0
XYZ,CY2023Q4,Information Technology,0,0.030845,0.046642,0
YELP,CY2023Q4,Communication Services,0,0.080046,0.088636,0
YETI,CY2023Q4,Consumer Discretionary,0,0.151201,0.052813,0
YOU,CY2023Q4,Information Technology,0,0.081742,0.013939,0
YUM,CY2023Q4,Consumer Discretionary,0,0.227407,0.016153,0
ZBH,CY2023Q4,Health Care,0,0.216071,0.123291,0
ZBRA,CY2023Q4,Information Technology,0,0.016848,0.032539,0
ZD,CY2023Q4,Communication Services,0,0.161807,0.252899,0
ZION,CY2023Q4,Financials,0,0.158687,0.073357,0
ZTS,CY2023Q4,Health Care,0,0.237235,0.039846,0
ZWS,CY2023Q4,Industrials,0,0.038957,0.064958,0
